real-time non-blocking time  (microseconds, -R) unlimited
core file size              (blocks, -c) unlimited
data seg size               (kbytes, -d) unlimited
scheduling priority                 (-e) 0
file size                   (blocks, -f) unlimited
pending signals                     (-i) 977446
max locked memory           (kbytes, -l) unlimited
max memory size             (kbytes, -m) 910163968
open files                          (-n) 1048576
pipe size                (512 bytes, -p) 8
POSIX message queues         (bytes, -q) 819200
real-time priority                  (-r) 0
stack size                  (kbytes, -s) 12500
cpu time                   (seconds, -t) unlimited
max user processes                  (-u) unlimited
virtual memory              (kbytes, -v) unlimited
file locks                          (-x) unlimited
Installing dynamo from source (81d0555ee23519cea80a42b4fe824e30368b7300, /configs cache)...
Processing /configs/dynamo-wheels/81d0555ee23519cea80a42b4fe824e30368b7300/ai_dynamo_runtime-1.2.0-cp310-abi3-manylinux_2_39_aarch64.whl
Collecting pydantic<=2.13,>=2.10.6 (from ai-dynamo-runtime==1.2.0)
  Downloading pydantic-2.13.0-py3-none-any.whl.metadata (107 kB)
Collecting uvloop>=0.21.0 (from ai-dynamo-runtime==1.2.0)
  Downloading uvloop-0.22.1-cp312-cp312-manylinux2014_aarch64.manylinux_2_17_aarch64.manylinux_2_28_aarch64.whl.metadata (4.9 kB)
Collecting annotated-types>=0.6.0 (from pydantic<=2.13,>=2.10.6->ai-dynamo-runtime==1.2.0)
  Downloading annotated_types-0.7.0-py3-none-any.whl.metadata (15 kB)
Collecting pydantic-core==2.46.0 (from pydantic<=2.13,>=2.10.6->ai-dynamo-runtime==1.2.0)
  Downloading pydantic_core-2.46.0-cp312-cp312-manylinux_2_17_aarch64.manylinux2014_aarch64.whl.metadata (6.6 kB)
Collecting typing-extensions>=4.14.1 (from pydantic<=2.13,>=2.10.6->ai-dynamo-runtime==1.2.0)
  Downloading typing_extensions-4.15.0-py3-none-any.whl.metadata (3.3 kB)
Collecting typing-inspection>=0.4.2 (from pydantic<=2.13,>=2.10.6->ai-dynamo-runtime==1.2.0)
  Downloading typing_inspection-0.4.2-py3-none-any.whl.metadata (2.6 kB)
Downloading pydantic-2.13.0-py3-none-any.whl (471 kB)
Downloading pydantic_core-2.46.0-cp312-cp312-manylinux_2_17_aarch64.manylinux2014_aarch64.whl (2.0 MB)
   ━━━━━━━━━━━━━━━━━━━━━━━━━━━━━━━━━━━━━━━━ 2.0/2.0 MB 17.9 MB/s  0:00:00
Downloading annotated_types-0.7.0-py3-none-any.whl (13 kB)
Downloading typing_extensions-4.15.0-py3-none-any.whl (44 kB)
Downloading typing_inspection-0.4.2-py3-none-any.whl (14 kB)
Downloading uvloop-0.22.1-cp312-cp312-manylinux2014_aarch64.manylinux_2_17_aarch64.manylinux_2_28_aarch64.whl (4.3 MB)
   ━━━━━━━━━━━━━━━━━━━━━━━━━━━━━━━━━━━━━━━━ 4.3/4.3 MB 65.5 MB/s  0:00:00
Installing collected packages: uvloop, typing-extensions, annotated-types, typing-inspection, pydantic-core, pydantic, ai-dynamo-runtime
  Attempting uninstall: uvloop
    Found existing installation: uvloop 0.22.1
    Uninstalling uvloop-0.22.1:
      Successfully uninstalled uvloop-0.22.1
  Attempting uninstall: typing-extensions
    Found existing installation: typing_extensions 4.15.0
    Uninstalling typing_extensions-4.15.0:
      Successfully uninstalled typing_extensions-4.15.0
  Attempting uninstall: annotated-types
    Found existing installation: annotated-types 0.7.0
    Uninstalling annotated-types-0.7.0:
      Successfully uninstalled annotated-types-0.7.0
  Attempting uninstall: typing-inspection
    Found existing installation: typing-inspection 0.4.2
    Uninstalling typing-inspection-0.4.2:
      Successfully uninstalled typing-inspection-0.4.2
  Attempting uninstall: pydantic-core
    Found existing installation: pydantic_core 2.46.4
    Uninstalling pydantic_core-2.46.4:
      Successfully uninstalled pydantic_core-2.46.4
  Attempting uninstall: pydantic
    Found existing installation: pydantic 2.13.4
    Uninstalling pydantic-2.13.4:
      Successfully uninstalled pydantic-2.13.4

Successfully installed ai-dynamo-runtime-1.2.0 annotated-types-0.7.0 pydantic-2.13.0 pydantic-core-2.46.0 typing-extensions-4.15.0 typing-inspection-0.4.2 uvloop-0.22.1
WARNING: Running pip as the 'root' user can result in broken permissions and conflicting behaviour with the system package manager, possibly rendering your system unusable. It is recommended to use a virtual environment instead: https://pip.pypa.io/warnings/venv. Use the --root-user-action option if you know what you are doing and want to suppress this warning.
Obtaining file:///tmp/dynamo-src/dynamo
  Installing build dependencies: started
  Installing build dependencies: finished with status 'done'
  Checking if build backend supports build_editable: started
  Checking if build backend supports build_editable: finished with status 'done'
  Getting requirements to build editable: started
  Getting requirements to build editable: finished with status 'done'
  Installing backend dependencies: started
  Installing backend dependencies: finished with status 'done'
  Preparing editable metadata (pyproject.toml): started
  Preparing editable metadata (pyproject.toml): finished with status 'done'
Requirement already satisfied: ai-dynamo-runtime==1.2.0 in /usr/local/lib/python3.12/dist-packages (from ai-dynamo==1.2.0) (1.2.0)
Requirement already satisfied: aiohttp<4.0,>=3.9.0 in /usr/local/lib/python3.12/dist-packages (from ai-dynamo==1.2.0) (3.13.5)
Collecting kubernetes<33.0.0,>=32.0.1 (from ai-dynamo==1.2.0)
  Downloading kubernetes-32.0.1-py2.py3-none-any.whl.metadata (1.7 kB)
Collecting msgpack==1.1.2 (from ai-dynamo==1.2.0)
  Downloading msgpack-1.1.2-cp312-cp312-manylinux2014_aarch64.manylinux_2_17_aarch64.manylinux_2_28_aarch64.whl.metadata (8.1 kB)
Requirement already satisfied: msgspec>=0.19.0 in /usr/local/lib/python3.12/dist-packages (from ai-dynamo==1.2.0) (0.21.1)
Requirement already satisfied: prometheus-client<1.0,>=0.23.1 in /usr/local/lib/python3.12/dist-packages (from ai-dynamo==1.2.0) (0.25.0)
Requirement already satisfied: pyzmq>=26.0.0 in /usr/local/lib/python3.12/dist-packages (from ai-dynamo==1.2.0) (27.1.0)
Requirement already satisfied: transformers>=4.56.0 in /usr/local/lib/python3.12/dist-packages (from ai-dynamo==1.2.0) (5.8.1)
Requirement already satisfied: pydantic<=2.13,>=2.10.6 in /usr/local/lib/python3.12/dist-packages (from ai-dynamo-runtime==1.2.0->ai-dynamo==1.2.0) (2.13.0)
Requirement already satisfied: uvloop>=0.21.0 in /usr/local/lib/python3.12/dist-packages (from ai-dynamo-runtime==1.2.0->ai-dynamo==1.2.0) (0.22.1)
Requirement already satisfied: aiohappyeyeballs>=2.5.0 in /usr/local/lib/python3.12/dist-packages (from aiohttp<4.0,>=3.9.0->ai-dynamo==1.2.0) (2.6.1)
Requirement already satisfied: aiosignal>=1.4.0 in /usr/local/lib/python3.12/dist-packages (from aiohttp<4.0,>=3.9.0->ai-dynamo==1.2.0) (1.4.0)
Requirement already satisfied: attrs>=17.3.0 in /usr/local/lib/python3.12/dist-packages (from aiohttp<4.0,>=3.9.0->ai-dynamo==1.2.0) (26.1.0)
Requirement already satisfied: frozenlist>=1.1.1 in /usr/local/lib/python3.12/dist-packages (from aiohttp<4.0,>=3.9.0->ai-dynamo==1.2.0) (1.8.0)
Requirement already satisfied: multidict<7.0,>=4.5 in /usr/local/lib/python3.12/dist-packages (from aiohttp<4.0,>=3.9.0->ai-dynamo==1.2.0) (6.7.1)
Requirement already satisfied: propcache>=0.2.0 in /usr/local/lib/python3.12/dist-packages (from aiohttp<4.0,>=3.9.0->ai-dynamo==1.2.0) (0.5.2)
Requirement already satisfied: yarl<2.0,>=1.17.0 in /usr/local/lib/python3.12/dist-packages (from aiohttp<4.0,>=3.9.0->ai-dynamo==1.2.0) (1.24.2)
Requirement already satisfied: certifi>=14.05.14 in /usr/local/lib/python3.12/dist-packages (from kubernetes<33.0.0,>=32.0.1->ai-dynamo==1.2.0) (2026.4.22)
Requirement already satisfied: six>=1.9.0 in /usr/local/lib/python3.12/dist-packages (from kubernetes<33.0.0,>=32.0.1->ai-dynamo==1.2.0) (1.17.0)
Requirement already satisfied: python-dateutil>=2.5.3 in /usr/local/lib/python3.12/dist-packages (from kubernetes<33.0.0,>=32.0.1->ai-dynamo==1.2.0) (2.9.0.post0)
Requirement already satisfied: pyyaml>=5.4.1 in /usr/local/lib/python3.12/dist-packages (from kubernetes<33.0.0,>=32.0.1->ai-dynamo==1.2.0) (6.0.1)
Requirement already satisfied: google-auth>=1.0.1 in /usr/local/lib/python3.12/dist-packages (from kubernetes<33.0.0,>=32.0.1->ai-dynamo==1.2.0) (2.53.0)
Collecting websocket-client!=0.40.0,!=0.41.*,!=0.42.*,>=0.32.0 (from kubernetes<33.0.0,>=32.0.1->ai-dynamo==1.2.0)
  Downloading websocket_client-1.9.0-py3-none-any.whl.metadata (8.3 kB)
Requirement already satisfied: requests in /usr/local/lib/python3.12/dist-packages (from kubernetes<33.0.0,>=32.0.1->ai-dynamo==1.2.0) (2.34.2)
Collecting requests-oauthlib (from kubernetes<33.0.0,>=32.0.1->ai-dynamo==1.2.0)
  Downloading requests_oauthlib-2.0.0-py2.py3-none-any.whl.metadata (11 kB)
Requirement already satisfied: oauthlib>=3.2.2 in /usr/lib/python3/dist-packages (from kubernetes<33.0.0,>=32.0.1->ai-dynamo==1.2.0) (3.2.2)
Requirement already satisfied: urllib3>=1.24.2 in /usr/local/lib/python3.12/dist-packages (from kubernetes<33.0.0,>=32.0.1->ai-dynamo==1.2.0) (2.7.0)
Collecting durationpy>=0.7 (from kubernetes<33.0.0,>=32.0.1->ai-dynamo==1.2.0)
  Downloading durationpy-0.10-py3-none-any.whl.metadata (340 bytes)
Requirement already satisfied: annotated-types>=0.6.0 in /usr/local/lib/python3.12/dist-packages (from pydantic<=2.13,>=2.10.6->ai-dynamo-runtime==1.2.0->ai-dynamo==1.2.0) (0.7.0)
Requirement already satisfied: pydantic-core==2.46.0 in /usr/local/lib/python3.12/dist-packages (from pydantic<=2.13,>=2.10.6->ai-dynamo-runtime==1.2.0->ai-dynamo==1.2.0) (2.46.0)
Requirement already satisfied: typing-extensions>=4.14.1 in /usr/local/lib/python3.12/dist-packages (from pydantic<=2.13,>=2.10.6->ai-dynamo-runtime==1.2.0->ai-dynamo==1.2.0) (4.15.0)
Requirement already satisfied: typing-inspection>=0.4.2 in /usr/local/lib/python3.12/dist-packages (from pydantic<=2.13,>=2.10.6->ai-dynamo-runtime==1.2.0->ai-dynamo==1.2.0) (0.4.2)
Requirement already satisfied: idna>=2.0 in /usr/local/lib/python3.12/dist-packages (from yarl<2.0,>=1.17.0->aiohttp<4.0,>=3.9.0->ai-dynamo==1.2.0) (3.15)
Requirement already satisfied: pyasn1-modules>=0.2.1 in /usr/local/lib/python3.12/dist-packages (from google-auth>=1.0.1->kubernetes<33.0.0,>=32.0.1->ai-dynamo==1.2.0) (0.4.2)
Requirement already satisfied: cryptography>=38.0.3 in /usr/lib/python3/dist-packages (from google-auth>=1.0.1->kubernetes<33.0.0,>=32.0.1->ai-dynamo==1.2.0) (41.0.7)
Requirement already satisfied: pyasn1<0.7.0,>=0.6.1 in /usr/local/lib/python3.12/dist-packages (from pyasn1-modules>=0.2.1->google-auth>=1.0.1->kubernetes<33.0.0,>=32.0.1->ai-dynamo==1.2.0) (0.6.3)
Requirement already satisfied: huggingface-hub<2.0,>=1.5.0 in /usr/local/lib/python3.12/dist-packages (from transformers>=4.56.0->ai-dynamo==1.2.0) (1.15.0)
Requirement already satisfied: numpy>=1.17 in /usr/local/lib/python3.12/dist-packages (from transformers>=4.56.0->ai-dynamo==1.2.0) (2.3.5)
Requirement already satisfied: packaging>=20.0 in /usr/local/lib/python3.12/dist-packages (from transformers>=4.56.0->ai-dynamo==1.2.0) (26.2)
Requirement already satisfied: regex>=2025.10.22 in /usr/local/lib/python3.12/dist-packages (from transformers>=4.56.0->ai-dynamo==1.2.0) (2026.5.9)
Requirement already satisfied: tokenizers<=0.23.0,>=0.22.0 in /usr/local/lib/python3.12/dist-packages (from transformers>=4.56.0->ai-dynamo==1.2.0) (0.22.2)
Requirement already satisfied: typer in /usr/local/lib/python3.12/dist-packages (from transformers>=4.56.0->ai-dynamo==1.2.0) (0.25.1)
Requirement already satisfied: safetensors>=0.4.3 in /usr/local/lib/python3.12/dist-packages (from transformers>=4.56.0->ai-dynamo==1.2.0) (0.7.0)
Requirement already satisfied: tqdm>=4.27 in /usr/local/lib/python3.12/dist-packages (from transformers>=4.56.0->ai-dynamo==1.2.0) (4.67.3)
Requirement already satisfied: filelock>=3.10.0 in /usr/local/lib/python3.12/dist-packages (from huggingface-hub<2.0,>=1.5.0->transformers>=4.56.0->ai-dynamo==1.2.0) (3.29.0)
Requirement already satisfied: fsspec>=2023.5.0 in /usr/local/lib/python3.12/dist-packages (from huggingface-hub<2.0,>=1.5.0->transformers>=4.56.0->ai-dynamo==1.2.0) (2026.2.0)
Requirement already satisfied: hf-xet<2.0.0,>=1.4.3 in /usr/local/lib/python3.12/dist-packages (from huggingface-hub<2.0,>=1.5.0->transformers>=4.56.0->ai-dynamo==1.2.0) (1.5.0)
Requirement already satisfied: httpx<1,>=0.23.0 in /usr/local/lib/python3.12/dist-packages (from huggingface-hub<2.0,>=1.5.0->transformers>=4.56.0->ai-dynamo==1.2.0) (0.28.1)
Requirement already satisfied: anyio in /usr/local/lib/python3.12/dist-packages (from httpx<1,>=0.23.0->huggingface-hub<2.0,>=1.5.0->transformers>=4.56.0->ai-dynamo==1.2.0) (4.13.0)
Requirement already satisfied: httpcore==1.* in /usr/local/lib/python3.12/dist-packages (from httpx<1,>=0.23.0->huggingface-hub<2.0,>=1.5.0->transformers>=4.56.0->ai-dynamo==1.2.0) (1.0.9)
Requirement already satisfied: h11>=0.16 in /usr/local/lib/python3.12/dist-packages (from httpcore==1.*->httpx<1,>=0.23.0->huggingface-hub<2.0,>=1.5.0->transformers>=4.56.0->ai-dynamo==1.2.0) (0.16.0)
Requirement already satisfied: click>=8.2.1 in /usr/local/lib/python3.12/dist-packages (from typer->transformers>=4.56.0->ai-dynamo==1.2.0) (8.4.0)
Requirement already satisfied: shellingham>=1.3.0 in /usr/local/lib/python3.12/dist-packages (from typer->transformers>=4.56.0->ai-dynamo==1.2.0) (1.5.4)
Requirement already satisfied: rich>=13.8.0 in /usr/local/lib/python3.12/dist-packages (from typer->transformers>=4.56.0->ai-dynamo==1.2.0) (15.0.0)
Requirement already satisfied: annotated-doc>=0.0.2 in /usr/local/lib/python3.12/dist-packages (from typer->transformers>=4.56.0->ai-dynamo==1.2.0) (0.0.4)
Requirement already satisfied: markdown-it-py>=2.2.0 in /usr/local/lib/python3.12/dist-packages (from rich>=13.8.0->typer->transformers>=4.56.0->ai-dynamo==1.2.0) (4.2.0)
Requirement already satisfied: pygments<3.0.0,>=2.13.0 in /usr/local/lib/python3.12/dist-packages (from rich>=13.8.0->typer->transformers>=4.56.0->ai-dynamo==1.2.0) (2.20.0)
Requirement already satisfied: mdurl~=0.1 in /usr/local/lib/python3.12/dist-packages (from markdown-it-py>=2.2.0->rich>=13.8.0->typer->transformers>=4.56.0->ai-dynamo==1.2.0) (0.1.2)
Requirement already satisfied: charset_normalizer<4,>=2 in /usr/local/lib/python3.12/dist-packages (from requests->kubernetes<33.0.0,>=32.0.1->ai-dynamo==1.2.0) (3.4.7)
Downloading msgpack-1.1.2-cp312-cp312-manylinux2014_aarch64.manylinux_2_17_aarch64.manylinux_2_28_aarch64.whl (417 kB)
Downloading kubernetes-32.0.1-py2.py3-none-any.whl (2.0 MB)
   ━━━━━━━━━━━━━━━━━━━━━━━━━━━━━━━━━━━━━━━━ 2.0/2.0 MB 17.6 MB/s  0:00:00
Downloading durationpy-0.10-py3-none-any.whl (3.9 kB)
Downloading websocket_client-1.9.0-py3-none-any.whl (82 kB)
Downloading requests_oauthlib-2.0.0-py2.py3-none-any.whl (24 kB)
Building wheels for collected packages: ai-dynamo
  Building editable for ai-dynamo (pyproject.toml): started
  Building editable for ai-dynamo (pyproject.toml): finished with status 'done'
  Created wheel for ai-dynamo: filename=ai_dynamo-1.2.0-py3-none-any.whl size=13060 sha256=96fda0210bcc138b72fed54e5ce4ce2af2f749dc11b6864fbe5c93c19ff6ffab
  Stored in directory: /tmp/pip-ephem-wheel-cache-i1whspwp/wheels/7e/00/26/5bfea8f031644d0543b9fdaa41f76c87c8d52b1d936ec635f5
Successfully built ai-dynamo
Installing collected packages: durationpy, websocket-client, msgpack, requests-oauthlib, kubernetes, ai-dynamo

Successfully installed ai-dynamo-1.2.0 durationpy-0.10 kubernetes-32.0.1 msgpack-1.1.2 requests-oauthlib-2.0.0 websocket-client-1.9.0
WARNING: Running pip as the 'root' user can result in broken permissions and conflicting behaviour with the system package manager, possibly rendering your system unusable. It is recommended to use a virtual environment instead: https://pip.pypa.io/warnings/venv. Use the --root-user-action option if you know what you are doing and want to suppress this warning.
Dynamo installed from source (81d0555ee23519cea80a42b4fe824e30368b7300)
[2m2026-06-08T00:30:51.109114Z[0m [32m INFO[0m [2mmain.async_main[0m[2m:[0m Request migration disabled (limit: 0)
[2m2026-06-08T00:30:51.130018Z[0m [32m INFO[0m [2mdynamo_runtime::distributed[0m[2m:[0m Initializing KV store discovery backend: Etcd(http://slurm-gb300-133-189:2379)
[2m2026-06-08T00:30:51.135428Z[0m [32m INFO[0m [2mdynamo_runtime::pipeline::network::manager[0m[2m:[0m Initializing NetworkManager with NATS request plane [3mmode[0m[2m=[0mnats
[2m2026-06-08T00:30:51.155060Z[0m [32m INFO[0m [2mdynamo_llm::http::service::service_v2[0m[2m:[0m Starting HTTP(S) service [3mprotocol[0m[2m=[0m"HTTP" [3maddress[0m[2m=[0m"0.0.0.0:8180"
[2m2026-06-08T00:30:55.343182Z[0m [32m INFO[0m [2mdynamo_llm::http::service::service_v2[0m[2m:[0m http response sent [3mstatus[0m[2m=[0m200 [3mlatency_ms[0m[2m=[0m2
[2m2026-06-08T00:31:05.350200Z[0m [32m INFO[0m [2mdynamo_llm::http::service::service_v2[0m[2m:[0m http response sent [3mstatus[0m[2m=[0m200 [3mlatency_ms[0m[2m=[0m2
[2m2026-06-08T00:31:15.356504Z[0m [32m INFO[0m [2mdynamo_llm::http::service::service_v2[0m[2m:[0m http response sent [3mstatus[0m[2m=[0m200 [3mlatency_ms[0m[2m=[0m2
[2m2026-06-08T00:31:25.364507Z[0m [32m INFO[0m [2mdynamo_llm::http::service::service_v2[0m[2m:[0m http response sent [3mstatus[0m[2m=[0m200 [3mlatency_ms[0m[2m=[0m2
[2m2026-06-08T00:31:35.371624Z[0m [32m INFO[0m [2mdynamo_llm::http::service::service_v2[0m[2m:[0m http response sent [3mstatus[0m[2m=[0m200 [3mlatency_ms[0m[2m=[0m2
[2m2026-06-08T00:31:45.378643Z[0m [32m INFO[0m [2mdynamo_llm::http::service::service_v2[0m[2m:[0m http response sent [3mstatus[0m[2m=[0m200 [3mlatency_ms[0m[2m=[0m2
[2m2026-06-08T00:31:55.385767Z[0m [32m INFO[0m [2mdynamo_llm::http::service::service_v2[0m[2m:[0m http response sent [3mstatus[0m[2m=[0m200 [3mlatency_ms[0m[2m=[0m2
[2m2026-06-08T00:32:05.392456Z[0m [32m INFO[0m [2mdynamo_llm::http::service::service_v2[0m[2m:[0m http response sent [3mstatus[0m[2m=[0m200 [3mlatency_ms[0m[2m=[0m2
[2m2026-06-08T00:32:15.400271Z[0m [32m INFO[0m [2mdynamo_llm::http::service::service_v2[0m[2m:[0m http response sent [3mstatus[0m[2m=[0m200 [3mlatency_ms[0m[2m=[0m2
[2m2026-06-08T00:32:25.408034Z[0m [32m INFO[0m [2mdynamo_llm::http::service::service_v2[0m[2m:[0m http response sent [3mstatus[0m[2m=[0m200 [3mlatency_ms[0m[2m=[0m2
[2m2026-06-08T00:32:35.415650Z[0m [32m INFO[0m [2mdynamo_llm::http::service::service_v2[0m[2m:[0m http response sent [3mstatus[0m[2m=[0m200 [3mlatency_ms[0m[2m=[0m2
[2m2026-06-08T00:32:45.423125Z[0m [32m INFO[0m [2mdynamo_llm::http::service::service_v2[0m[2m:[0m http response sent [3mstatus[0m[2m=[0m200 [3mlatency_ms[0m[2m=[0m2
[2m2026-06-08T00:32:55.430747Z[0m [32m INFO[0m [2mdynamo_llm::http::service::service_v2[0m[2m:[0m http response sent [3mstatus[0m[2m=[0m200 [3mlatency_ms[0m[2m=[0m2
[2m2026-06-08T00:33:05.437476Z[0m [32m INFO[0m [2mdynamo_llm::http::service::service_v2[0m[2m:[0m http response sent [3mstatus[0m[2m=[0m200 [3mlatency_ms[0m[2m=[0m2
[2m2026-06-08T00:33:15.444655Z[0m [32m INFO[0m [2mdynamo_llm::http::service::service_v2[0m[2m:[0m http response sent [3mstatus[0m[2m=[0m200 [3mlatency_ms[0m[2m=[0m2
[2m2026-06-08T00:33:25.451627Z[0m [32m INFO[0m [2mdynamo_llm::http::service::service_v2[0m[2m:[0m http response sent [3mstatus[0m[2m=[0m200 [3mlatency_ms[0m[2m=[0m2
[2m2026-06-08T00:33:35.459288Z[0m [32m INFO[0m [2mdynamo_llm::http::service::service_v2[0m[2m:[0m http response sent [3mstatus[0m[2m=[0m200 [3mlatency_ms[0m[2m=[0m2
[2m2026-06-08T00:33:45.471108Z[0m [32m INFO[0m [2mdynamo_llm::http::service::service_v2[0m[2m:[0m http response sent [3mstatus[0m[2m=[0m200 [3mlatency_ms[0m[2m=[0m3
[2m2026-06-08T00:33:55.478175Z[0m [32m INFO[0m [2mdynamo_llm::http::service::service_v2[0m[2m:[0m http response sent [3mstatus[0m[2m=[0m200 [3mlatency_ms[0m[2m=[0m2
[2m2026-06-08T00:34:05.485123Z[0m [32m INFO[0m [2mdynamo_llm::http::service::service_v2[0m[2m:[0m http response sent [3mstatus[0m[2m=[0m200 [3mlatency_ms[0m[2m=[0m2
[2m2026-06-08T00:34:15.491954Z[0m [32m INFO[0m [2mdynamo_llm::http::service::service_v2[0m[2m:[0m http response sent [3mstatus[0m[2m=[0m200 [3mlatency_ms[0m[2m=[0m2
[2m2026-06-08T00:34:25.498221Z[0m [32m INFO[0m [2mdynamo_llm::http::service::service_v2[0m[2m:[0m http response sent [3mstatus[0m[2m=[0m200 [3mlatency_ms[0m[2m=[0m1
[2m2026-06-08T00:34:35.504892Z[0m [32m INFO[0m [2mdynamo_llm::http::service::service_v2[0m[2m:[0m http response sent [3mstatus[0m[2m=[0m200 [3mlatency_ms[0m[2m=[0m2
[2m2026-06-08T00:34:45.511208Z[0m [32m INFO[0m [2mdynamo_llm::http::service::service_v2[0m[2m:[0m http response sent [3mstatus[0m[2m=[0m200 [3mlatency_ms[0m[2m=[0m2
[2m2026-06-08T00:34:55.517598Z[0m [32m INFO[0m [2mdynamo_llm::http::service::service_v2[0m[2m:[0m http response sent [3mstatus[0m[2m=[0m200 [3mlatency_ms[0m[2m=[0m2
[2m2026-06-08T00:35:05.523869Z[0m [32m INFO[0m [2mdynamo_llm::http::service::service_v2[0m[2m:[0m http response sent [3mstatus[0m[2m=[0m200 [3mlatency_ms[0m[2m=[0m2
[2m2026-06-08T00:35:15.530244Z[0m [32m INFO[0m [2mdynamo_llm::http::service::service_v2[0m[2m:[0m http response sent [3mstatus[0m[2m=[0m200 [3mlatency_ms[0m[2m=[0m2
[2m2026-06-08T00:35:25.536739Z[0m [32m INFO[0m [2mdynamo_llm::http::service::service_v2[0m[2m:[0m http response sent [3mstatus[0m[2m=[0m200 [3mlatency_ms[0m[2m=[0m2
[2m2026-06-08T00:35:35.543122Z[0m [32m INFO[0m [2mdynamo_llm::http::service::service_v2[0m[2m:[0m http response sent [3mstatus[0m[2m=[0m200 [3mlatency_ms[0m[2m=[0m2
[2m2026-06-08T00:35:45.550230Z[0m [32m INFO[0m [2mdynamo_llm::http::service::service_v2[0m[2m:[0m http response sent [3mstatus[0m[2m=[0m200 [3mlatency_ms[0m[2m=[0m2
[2m2026-06-08T00:35:55.557084Z[0m [32m INFO[0m [2mdynamo_llm::http::service::service_v2[0m[2m:[0m http response sent [3mstatus[0m[2m=[0m200 [3mlatency_ms[0m[2m=[0m2
[2m2026-06-08T00:36:05.563894Z[0m [32m INFO[0m [2mdynamo_llm::http::service::service_v2[0m[2m:[0m http response sent [3mstatus[0m[2m=[0m200 [3mlatency_ms[0m[2m=[0m2
[2m2026-06-08T00:36:15.570936Z[0m [32m INFO[0m [2mdynamo_llm::http::service::service_v2[0m[2m:[0m http response sent [3mstatus[0m[2m=[0m200 [3mlatency_ms[0m[2m=[0m2
[2m2026-06-08T00:36:25.577754Z[0m [32m INFO[0m [2mdynamo_llm::http::service::service_v2[0m[2m:[0m http response sent [3mstatus[0m[2m=[0m200 [3mlatency_ms[0m[2m=[0m2
[2m2026-06-08T00:36:35.584240Z[0m [32m INFO[0m [2mdynamo_llm::http::service::service_v2[0m[2m:[0m http response sent [3mstatus[0m[2m=[0m200 [3mlatency_ms[0m[2m=[0m2
[2m2026-06-08T00:36:45.591380Z[0m [32m INFO[0m [2mdynamo_llm::http::service::service_v2[0m[2m:[0m http response sent [3mstatus[0m[2m=[0m200 [3mlatency_ms[0m[2m=[0m2
[2m2026-06-08T00:36:55.598469Z[0m [32m INFO[0m [2mdynamo_llm::http::service::service_v2[0m[2m:[0m http response sent [3mstatus[0m[2m=[0m200 [3mlatency_ms[0m[2m=[0m2
[2m2026-06-08T00:37:05.605314Z[0m [32m INFO[0m [2mdynamo_llm::http::service::service_v2[0m[2m:[0m http response sent [3mstatus[0m[2m=[0m200 [3mlatency_ms[0m[2m=[0m2
[2m2026-06-08T00:37:15.612073Z[0m [32m INFO[0m [2mdynamo_llm::http::service::service_v2[0m[2m:[0m http response sent [3mstatus[0m[2m=[0m200 [3mlatency_ms[0m[2m=[0m2
[2m2026-06-08T00:37:25.619272Z[0m [32m INFO[0m [2mdynamo_llm::http::service::service_v2[0m[2m:[0m http response sent [3mstatus[0m[2m=[0m200 [3mlatency_ms[0m[2m=[0m2
[2m2026-06-08T00:37:35.626509Z[0m [32m INFO[0m [2mdynamo_llm::http::service::service_v2[0m[2m:[0m http response sent [3mstatus[0m[2m=[0m200 [3mlatency_ms[0m[2m=[0m2
[2m2026-06-08T00:37:45.633467Z[0m [32m INFO[0m [2mdynamo_llm::http::service::service_v2[0m[2m:[0m http response sent [3mstatus[0m[2m=[0m200 [3mlatency_ms[0m[2m=[0m2
[2m2026-06-08T00:37:55.640432Z[0m [32m INFO[0m [2mdynamo_llm::http::service::service_v2[0m[2m:[0m http response sent [3mstatus[0m[2m=[0m200 [3mlatency_ms[0m[2m=[0m2
[2m2026-06-08T00:38:05.647330Z[0m [32m INFO[0m [2mdynamo_llm::http::service::service_v2[0m[2m:[0m http response sent [3mstatus[0m[2m=[0m200 [3mlatency_ms[0m[2m=[0m2
[2m2026-06-08T00:38:15.654161Z[0m [32m INFO[0m [2mdynamo_llm::http::service::service_v2[0m[2m:[0m http response sent [3mstatus[0m[2m=[0m200 [3mlatency_ms[0m[2m=[0m2
[2m2026-06-08T00:38:25.661234Z[0m [32m INFO[0m [2mdynamo_llm::http::service::service_v2[0m[2m:[0m http response sent [3mstatus[0m[2m=[0m200 [3mlatency_ms[0m[2m=[0m2
[2m2026-06-08T00:38:35.668472Z[0m [32m INFO[0m [2mdynamo_llm::http::service::service_v2[0m[2m:[0m http response sent [3mstatus[0m[2m=[0m200 [3mlatency_ms[0m[2m=[0m2
[2m2026-06-08T00:38:45.674664Z[0m [32m INFO[0m [2mdynamo_llm::http::service::service_v2[0m[2m:[0m http response sent [3mstatus[0m[2m=[0m200 [3mlatency_ms[0m[2m=[0m2
[2m2026-06-08T00:38:55.680448Z[0m [32m INFO[0m [2mdynamo_llm::http::service::service_v2[0m[2m:[0m http response sent [3mstatus[0m[2m=[0m200 [3mlatency_ms[0m[2m=[0m1
[2m2026-06-08T00:39:05.686912Z[0m [32m INFO[0m [2mdynamo_llm::http::service::service_v2[0m[2m:[0m http response sent [3mstatus[0m[2m=[0m200 [3mlatency_ms[0m[2m=[0m2
[2m2026-06-08T00:39:11.993184Z[0m [32m INFO[0m [2mdynamo_runtime::distributed[0m[2m:[0m Added NATS service dynamo_prefill
[2m2026-06-08T00:39:11.993753Z[0m [32m INFO[0m [2mdynamo_llm::discovery::watcher[0m[2m:[0m Prefill model detected, registering and activating prefill router [3mmodel_name[0m[2m=[0m"deepseek-ai/DeepSeek-V4-Pro"
[2m2026-06-08T00:39:11.993978Z[0m [32m INFO[0m [2mdynamo_llm::discovery::model[0m[2m:[0m Adding worker set to model [3mmodel[0m[2m=[0mdeepseek-ai/DeepSeek-V4-Pro [3mnamespace[0m[2m=[0mdynamo:prefill
[2m2026-06-08T00:39:11.994083Z[0m [32m INFO[0m [2mdynamo_llm::discovery::model_manager[0m[2m:[0m Stored prefill endpoint for future decode WorkerSet registration [3mmodel_name[0m[2m=[0mdeepseek-ai/DeepSeek-V4-Pro [3mnamespace[0m[2m=[0mdynamo
[2m2026-06-08T00:39:11.994122Z[0m [32m INFO[0m [2mdynamo_llm::discovery::watcher[0m[2m:[0m Prefill model registered and router activated successfully [3mmodel_name[0m[2m=[0m"deepseek-ai/DeepSeek-V4-Pro"
[2m2026-06-08T00:39:11.994174Z[0m [32m INFO[0m [2mdynamo_llm::discovery::watcher[0m[2m:[0m added model [3mmodel_name[0m[2m=[0m"deepseek-ai/DeepSeek-V4-Pro" [3mnamespace[0m[2m=[0m"dynamo"
[2m2026-06-08T00:39:15.693840Z[0m [32m INFO[0m [2mdynamo_llm::http::service::service_v2[0m[2m:[0m http response sent [3mstatus[0m[2m=[0m200 [3mlatency_ms[0m[2m=[0m2
[2m2026-06-08T00:39:18.316555Z[0m [32m INFO[0m [2mdynamo_runtime::distributed[0m[2m:[0m Added NATS service dynamo_backend
[2m2026-06-08T00:39:19.463620Z[0m [32m INFO[0m [2mdynamo_llm::kv_router::prefill_router::activation[0m[2m:[0m Activating prefill router [3mrouter_mode[0m[2m=[0mRoundRobin
[2m2026-06-08T00:39:19.464127Z[0m [32m INFO[0m [2mdynamo_runtime::distributed[0m[2m:[0m TCP response stream server using OS-assigned port
[2m2026-06-08T00:39:19.465376Z[0m [32m INFO[0m [2mdynamo_llm::kv_router::prefill_router::activation[0m[2m:[0m Prefill router activated successfully [3mrouter_mode[0m[2m=[0mRoundRobin
[2m2026-06-08T00:39:19.465839Z[0m [32m INFO[0m [2mdynamo_llm::preprocessor::prompt::template[0m[2m:[0m Detected DeepSeek V4 model, using native Rust formatter [3mmodel_type[0m[2m=[0mSome("deepseek_v4") [3mdisplay_name[0m[2m=[0mdeepseek-ai/DeepSeek-V4-Pro
[2m2026-06-08T00:39:19.467739Z[0m [32m INFO[0m [2mdynamo_runtime::transports::event_plane[0m[2m:[0m EventSubscriber created [3mtopic[0m[2m=[0mkv_metrics [3mtransport[0m[2m=[0mNats
[2m2026-06-08T00:39:19.471557Z[0m [32m INFO[0m [2mdynamo_llm::discovery::watcher[0m[2m:[0m Chat completions is ready
[2m2026-06-08T00:39:19.473260Z[0m [32m INFO[0m [2mdynamo_llm::discovery::watcher[0m[2m:[0m Completions is ready
[2m2026-06-08T00:39:19.473345Z[0m [32m INFO[0m [2mdynamo_llm::discovery::model[0m[2m:[0m Adding worker set to model [3mmodel[0m[2m=[0mdeepseek-ai/DeepSeek-V4-Pro [3mnamespace[0m[2m=[0mdynamo
[2m2026-06-08T00:39:19.473461Z[0m [32m INFO[0m [2mdynamo_llm::discovery::watcher[0m[2m:[0m added model [3mmodel_name[0m[2m=[0m"deepseek-ai/DeepSeek-V4-Pro" [3mnamespace[0m[2m=[0m"dynamo"
[2m2026-06-08T00:39:19.473505Z[0m [32m INFO[0m [2mdynamo_llm::http::service::service_v2[0m[2m:[0m chat endpoints enabled
[2m2026-06-08T00:39:19.473546Z[0m [32m INFO[0m [2mdynamo_llm::http::service::service_v2[0m[2m:[0m responses endpoints enabled
[2m2026-06-08T00:39:19.473563Z[0m [32m INFO[0m [2mdynamo_llm::http::service::service_v2[0m[2m:[0m completion endpoints enabled
[2m2026-06-08T00:39:25.700990Z[0m [32m INFO[0m [2mdynamo_llm::http::service::service_v2[0m[2m:[0m http response sent [3mstatus[0m[2m=[0m200 [3mlatency_ms[0m[2m=[0m2
[2m2026-06-08T00:39:57.440345Z[0m [32m INFO[0m [2mdynamo_llm::http::service::service_v2[0m[2m:[0m http response sent [3mstatus[0m[2m=[0m200 [3mlatency_ms[0m[2m=[0m1
[2m2026-06-08T00:40:05.146911Z[0m [32m INFO[0m [2mdynamo_llm::http::service::service_v2[0m[2m:[0m http response sent [3mstatus[0m[2m=[0m200 [3mlatency_ms[0m[2m=[0m4
[2m2026-06-08T00:40:05.460950Z[0m [32m INFO[0m [1mhttp-request[0m: [2mdynamo_llm::http::service::metrics[0m[2m:[0m request received [3mrequest_id[0m[2m=[0ma5df5afb-00d2-487a-acb3-5f53e7ad7c2f [3mmodel[0m[2m=[0mdeepseek-ai/deepseek-v4-pro [3mendpoint[0m[2m=[0mchat_completions [3mrequest_type[0m[2m=[0mstream [2m[3mmethod[0m[2m=[0mPOST [3muri[0m[2m=[0m/v1/chat/completions [3mversion[0m[2m=[0mHTTP/1.0 [3mrequest_id[0m[2m=[0m35acff12-1c24-48d3-b982-afe946b11128 [3mmodel[0m[2m=[0m"deepseek-ai/deepseek-v4-pro"[0m
[2m2026-06-08T00:40:05.460950Z[0m [32m INFO[0m [1mhttp-request[0m: [2mdynamo_llm::http::service::metrics[0m[2m:[0m request received [3mrequest_id[0m[2m=[0mf61c601a-35f0-4356-b471-d0fa99b6fa8f [3mmodel[0m[2m=[0mdeepseek-ai/deepseek-v4-pro [3mendpoint[0m[2m=[0mchat_completions [3mrequest_type[0m[2m=[0mstream [2m[3mmethod[0m[2m=[0mPOST [3muri[0m[2m=[0m/v1/chat/completions [3mversion[0m[2m=[0mHTTP/1.0 [3mrequest_id[0m[2m=[0md7ec95f1-ea91-457b-82af-60c4249566a6 [3mmodel[0m[2m=[0m"deepseek-ai/deepseek-v4-pro"[0m
[2m2026-06-08T00:40:05.461248Z[0m [32m INFO[0m [1mhttp-request[0m: [2mdynamo_llm::http::service::metrics[0m[2m:[0m request received [3mrequest_id[0m[2m=[0mbb090c27-f38e-451c-a643-2aaeed9bb0a3 [3mmodel[0m[2m=[0mdeepseek-ai/deepseek-v4-pro [3mendpoint[0m[2m=[0mchat_completions [3mrequest_type[0m[2m=[0mstream [2m[3mmethod[0m[2m=[0mPOST [3muri[0m[2m=[0m/v1/chat/completions [3mversion[0m[2m=[0mHTTP/1.0 [3mrequest_id[0m[2m=[0m657af11d-9c61-4285-ab8b-7090ad2799b6 [3mmodel[0m[2m=[0m"deepseek-ai/deepseek-v4-pro"[0m
[2m2026-06-08T00:40:05.461248Z[0m [32m INFO[0m [1mhttp-request[0m: [2mdynamo_llm::http::service::metrics[0m[2m:[0m request received [3mrequest_id[0m[2m=[0mc2786af4-fec4-43fd-a410-110ca3cc6d91 [3mmodel[0m[2m=[0mdeepseek-ai/deepseek-v4-pro [3mendpoint[0m[2m=[0mchat_completions [3mrequest_type[0m[2m=[0mstream [2m[3mmethod[0m[2m=[0mPOST [3muri[0m[2m=[0m/v1/chat/completions [3mversion[0m[2m=[0mHTTP/1.0 [3mrequest_id[0m[2m=[0mea195f61-8aee-4e2b-ba0d-37911bc17cfd [3mmodel[0m[2m=[0m"deepseek-ai/deepseek-v4-pro"[0m
[2m2026-06-08T00:40:05.542574Z[0m [32m INFO[0m [1mhttp-request[0m: [2mdynamo_llm::http::service::service_v2[0m[2m:[0m http response sent [3mstatus[0m[2m=[0m200 [3mlatency_ms[0m[2m=[0m82 [2m[3mmethod[0m[2m=[0mPOST [3muri[0m[2m=[0m/v1/chat/completions [3mversion[0m[2m=[0mHTTP/1.0 [3mrequest_id[0m[2m=[0m35acff12-1c24-48d3-b982-afe946b11128 [3mmodel[0m[2m=[0m"deepseek-ai/deepseek-v4-pro"[0m
[2m2026-06-08T00:40:05.542693Z[0m [32m INFO[0m [1mhttp-request[0m: [2mdynamo_llm::http::service::service_v2[0m[2m:[0m http response sent [3mstatus[0m[2m=[0m200 [3mlatency_ms[0m[2m=[0m82 [2m[3mmethod[0m[2m=[0mPOST [3muri[0m[2m=[0m/v1/chat/completions [3mversion[0m[2m=[0mHTTP/1.0 [3mrequest_id[0m[2m=[0m657af11d-9c61-4285-ab8b-7090ad2799b6 [3mmodel[0m[2m=[0m"deepseek-ai/deepseek-v4-pro"[0m
[2m2026-06-08T00:40:05.542893Z[0m [32m INFO[0m [1mhttp-request[0m: [2mdynamo_llm::http::service::service_v2[0m[2m:[0m http response sent [3mstatus[0m[2m=[0m200 [3mlatency_ms[0m[2m=[0m82 [2m[3mmethod[0m[2m=[0mPOST [3muri[0m[2m=[0m/v1/chat/completions [3mversion[0m[2m=[0mHTTP/1.0 [3mrequest_id[0m[2m=[0mea195f61-8aee-4e2b-ba0d-37911bc17cfd [3mmodel[0m[2m=[0m"deepseek-ai/deepseek-v4-pro"[0m
[2m2026-06-08T00:40:05.543293Z[0m [32m INFO[0m [1mhttp-request[0m: [2mdynamo_llm::http::service::service_v2[0m[2m:[0m http response sent [3mstatus[0m[2m=[0m200 [3mlatency_ms[0m[2m=[0m83 [2m[3mmethod[0m[2m=[0mPOST [3muri[0m[2m=[0m/v1/chat/completions [3mversion[0m[2m=[0mHTTP/1.0 [3mrequest_id[0m[2m=[0md7ec95f1-ea91-457b-82af-60c4249566a6 [3mmodel[0m[2m=[0m"deepseek-ai/deepseek-v4-pro"[0m
[2m2026-06-08T00:40:20.155045Z[0m [32m INFO[0m [2mdynamo_llm::http::service::service_v2[0m[2m:[0m http response sent [3mstatus[0m[2m=[0m200 [3mlatency_ms[0m[2m=[0m4
[2m2026-06-08T00:40:35.164437Z[0m [32m INFO[0m [2mdynamo_llm::http::service::service_v2[0m[2m:[0m http response sent [3mstatus[0m[2m=[0m200 [3mlatency_ms[0m[2m=[0m4
[2m2026-06-08T00:40:39.910045Z[0m [32m INFO[0m [1mhttp-request[0m: [2mdynamo_llm::http::service::metrics[0m[2m:[0m request completed [3mrequest_id[0m[2m=[0mc2786af4-fec4-43fd-a410-110ca3cc6d91 [3mmodel[0m[2m=[0mdeepseek-ai/deepseek-v4-pro [3mendpoint[0m[2m=[0mchat_completions [3mrequest_type[0m[2m=[0mstream [3mstatus[0m[2m=[0msuccess [3melapsed_ms[0m[2m=[0m34448 [2m[3mmethod[0m[2m=[0mPOST [3muri[0m[2m=[0m/v1/chat/completions [3mversion[0m[2m=[0mHTTP/1.0 [3mrequest_id[0m[2m=[0mea195f61-8aee-4e2b-ba0d-37911bc17cfd [3mmodel[0m[2m=[0m"deepseek-ai/deepseek-v4-pro" [3minput_tokens[0m[2m=[0m1628 [3moutput_tokens[0m[2m=[0m80 [3mttft_ms[0m[2m=[0m"33087.90" [3mavg_itl_ms[0m[2m=[0m"17.21"[0m
[2m2026-06-08T00:40:39.913040Z[0m [32m INFO[0m [1mhttp-request[0m: [2mdynamo_llm::http::service::metrics[0m[2m:[0m request received [3mrequest_id[0m[2m=[0me936ce81-f2a1-4fee-9feb-807f149139e8 [3mmodel[0m[2m=[0mdeepseek-ai/deepseek-v4-pro [3mendpoint[0m[2m=[0mchat_completions [3mrequest_type[0m[2m=[0mstream [2m[3mmethod[0m[2m=[0mPOST [3muri[0m[2m=[0m/v1/chat/completions [3mversion[0m[2m=[0mHTTP/1.0 [3mrequest_id[0m[2m=[0m886c4647-2941-4816-86cb-9ea7b42bd694 [3mmodel[0m[2m=[0m"deepseek-ai/deepseek-v4-pro"[0m
[2m2026-06-08T00:40:39.991602Z[0m [32m INFO[0m [1mhttp-request[0m: [2mdynamo_llm::http::service::service_v2[0m[2m:[0m http response sent [3mstatus[0m[2m=[0m200 [3mlatency_ms[0m[2m=[0m79 [2m[3mmethod[0m[2m=[0mPOST [3muri[0m[2m=[0m/v1/chat/completions [3mversion[0m[2m=[0mHTTP/1.0 [3mrequest_id[0m[2m=[0m886c4647-2941-4816-86cb-9ea7b42bd694 [3mmodel[0m[2m=[0m"deepseek-ai/deepseek-v4-pro"[0m
[2m2026-06-08T00:40:40.178288Z[0m [32m INFO[0m [1mhttp-request[0m: [2mdynamo_llm::http::service::metrics[0m[2m:[0m request completed [3mrequest_id[0m[2m=[0ma5df5afb-00d2-487a-acb3-5f53e7ad7c2f [3mmodel[0m[2m=[0mdeepseek-ai/deepseek-v4-pro [3mendpoint[0m[2m=[0mchat_completions [3mrequest_type[0m[2m=[0mstream [3mstatus[0m[2m=[0msuccess [3melapsed_ms[0m[2m=[0m34717 [2m[3mmethod[0m[2m=[0mPOST [3muri[0m[2m=[0m/v1/chat/completions [3mversion[0m[2m=[0mHTTP/1.0 [3mrequest_id[0m[2m=[0m35acff12-1c24-48d3-b982-afe946b11128 [3mmodel[0m[2m=[0m"deepseek-ai/deepseek-v4-pro" [3minput_tokens[0m[2m=[0m1631 [3moutput_tokens[0m[2m=[0m89 [3mttft_ms[0m[2m=[0m"22817.62" [3mavg_itl_ms[0m[2m=[0m"135.21"[0m
[2m2026-06-08T00:40:40.181439Z[0m [32m INFO[0m [1mhttp-request[0m: [2mdynamo_llm::http::service::metrics[0m[2m:[0m request received [3mrequest_id[0m[2m=[0m4ab71d25-5cfa-4644-917a-1b878cf48593 [3mmodel[0m[2m=[0mdeepseek-ai/deepseek-v4-pro [3mendpoint[0m[2m=[0mchat_completions [3mrequest_type[0m[2m=[0mstream [2m[3mmethod[0m[2m=[0mPOST [3muri[0m[2m=[0m/v1/chat/completions [3mversion[0m[2m=[0mHTTP/1.0 [3mrequest_id[0m[2m=[0mab000a22-c9f4-48ca-91f6-6e6019775a6a [3mmodel[0m[2m=[0m"deepseek-ai/deepseek-v4-pro"[0m
[2m2026-06-08T00:40:40.279925Z[0m [32m INFO[0m [1mhttp-request[0m: [2mdynamo_llm::http::service::metrics[0m[2m:[0m request completed [3mrequest_id[0m[2m=[0mbb090c27-f38e-451c-a643-2aaeed9bb0a3 [3mmodel[0m[2m=[0mdeepseek-ai/deepseek-v4-pro [3mendpoint[0m[2m=[0mchat_completions [3mrequest_type[0m[2m=[0mstream [3mstatus[0m[2m=[0msuccess [3melapsed_ms[0m[2m=[0m34818 [2m[3mmethod[0m[2m=[0mPOST [3muri[0m[2m=[0m/v1/chat/completions [3mversion[0m[2m=[0mHTTP/1.0 [3mrequest_id[0m[2m=[0m657af11d-9c61-4285-ab8b-7090ad2799b6 [3mmodel[0m[2m=[0m"deepseek-ai/deepseek-v4-pro" [3minput_tokens[0m[2m=[0m1650 [3moutput_tokens[0m[2m=[0m89 [3mttft_ms[0m[2m=[0m"33088.43" [3mavg_itl_ms[0m[2m=[0m"19.64"[0m
[2m2026-06-08T00:40:40.279964Z[0m [32m INFO[0m [1mhttp-request[0m: [2mdynamo_llm::http::service::metrics[0m[2m:[0m request completed [3mrequest_id[0m[2m=[0mf61c601a-35f0-4356-b471-d0fa99b6fa8f [3mmodel[0m[2m=[0mdeepseek-ai/deepseek-v4-pro [3mendpoint[0m[2m=[0mchat_completions [3mrequest_type[0m[2m=[0mstream [3mstatus[0m[2m=[0msuccess [3melapsed_ms[0m[2m=[0m34819 [2m[3mmethod[0m[2m=[0mPOST [3muri[0m[2m=[0m/v1/chat/completions [3mversion[0m[2m=[0mHTTP/1.0 [3mrequest_id[0m[2m=[0md7ec95f1-ea91-457b-82af-60c4249566a6 [3mmodel[0m[2m=[0m"deepseek-ai/deepseek-v4-pro" [3minput_tokens[0m[2m=[0m1650 [3moutput_tokens[0m[2m=[0m89 [3mttft_ms[0m[2m=[0m"33087.89" [3mavg_itl_ms[0m[2m=[0m"19.66"[0m
[2m2026-06-08T00:40:40.282787Z[0m [32m INFO[0m [1mhttp-request[0m: [2mdynamo_llm::http::service::metrics[0m[2m:[0m request received [3mrequest_id[0m[2m=[0m632cac48-1536-48b2-a482-2e310102c635 [3mmodel[0m[2m=[0mdeepseek-ai/deepseek-v4-pro [3mendpoint[0m[2m=[0mchat_completions [3mrequest_type[0m[2m=[0mstream [2m[3mmethod[0m[2m=[0mPOST [3muri[0m[2m=[0m/v1/chat/completions [3mversion[0m[2m=[0mHTTP/1.0 [3mrequest_id[0m[2m=[0m8ff88572-ede1-4d57-901d-0a225dd6d638 [3mmodel[0m[2m=[0m"deepseek-ai/deepseek-v4-pro"[0m
[2m2026-06-08T00:40:40.282787Z[0m [32m INFO[0m [1mhttp-request[0m: [2mdynamo_llm::http::service::metrics[0m[2m:[0m request received [3mrequest_id[0m[2m=[0m7f5ea93a-6565-48e9-b8e5-e8197d5ec532 [3mmodel[0m[2m=[0mdeepseek-ai/deepseek-v4-pro [3mendpoint[0m[2m=[0mchat_completions [3mrequest_type[0m[2m=[0mstream [2m[3mmethod[0m[2m=[0mPOST [3muri[0m[2m=[0m/v1/chat/completions [3mversion[0m[2m=[0mHTTP/1.0 [3mrequest_id[0m[2m=[0mb52a545e-b9f9-4c49-af4c-c6c8e544842e [3mmodel[0m[2m=[0m"deepseek-ai/deepseek-v4-pro"[0m
[2m2026-06-08T00:40:40.285363Z[0m [32m INFO[0m [1mhttp-request[0m: [2mdynamo_llm::http::service::service_v2[0m[2m:[0m http response sent [3mstatus[0m[2m=[0m200 [3mlatency_ms[0m[2m=[0m104 [2m[3mmethod[0m[2m=[0mPOST [3muri[0m[2m=[0m/v1/chat/completions [3mversion[0m[2m=[0mHTTP/1.0 [3mrequest_id[0m[2m=[0mab000a22-c9f4-48ca-91f6-6e6019775a6a [3mmodel[0m[2m=[0m"deepseek-ai/deepseek-v4-pro"[0m
[2m2026-06-08T00:40:40.382838Z[0m [32m INFO[0m [1mhttp-request[0m: [2mdynamo_llm::http::service::service_v2[0m[2m:[0m http response sent [3mstatus[0m[2m=[0m200 [3mlatency_ms[0m[2m=[0m100 [2m[3mmethod[0m[2m=[0mPOST [3muri[0m[2m=[0m/v1/chat/completions [3mversion[0m[2m=[0mHTTP/1.0 [3mrequest_id[0m[2m=[0mb52a545e-b9f9-4c49-af4c-c6c8e544842e [3mmodel[0m[2m=[0m"deepseek-ai/deepseek-v4-pro"[0m
[2m2026-06-08T00:40:40.383600Z[0m [32m INFO[0m [1mhttp-request[0m: [2mdynamo_llm::http::service::service_v2[0m[2m:[0m http response sent [3mstatus[0m[2m=[0m200 [3mlatency_ms[0m[2m=[0m101 [2m[3mmethod[0m[2m=[0mPOST [3muri[0m[2m=[0m/v1/chat/completions [3mversion[0m[2m=[0mHTTP/1.0 [3mrequest_id[0m[2m=[0m8ff88572-ede1-4d57-901d-0a225dd6d638 [3mmodel[0m[2m=[0m"deepseek-ai/deepseek-v4-pro"[0m
[2m2026-06-08T00:40:50.172480Z[0m [32m INFO[0m [2mdynamo_llm::http::service::service_v2[0m[2m:[0m http response sent [3mstatus[0m[2m=[0m200 [3mlatency_ms[0m[2m=[0m4
[2m2026-06-08T00:40:50.234067Z[0m [32m INFO[0m [1mhttp-request[0m: [2mdynamo_llm::http::service::metrics[0m[2m:[0m request completed [3mrequest_id[0m[2m=[0me936ce81-f2a1-4fee-9feb-807f149139e8 [3mmodel[0m[2m=[0mdeepseek-ai/deepseek-v4-pro [3mendpoint[0m[2m=[0mchat_completions [3mrequest_type[0m[2m=[0mstream [3mstatus[0m[2m=[0msuccess [3melapsed_ms[0m[2m=[0m10321 [2m[3mmethod[0m[2m=[0mPOST [3muri[0m[2m=[0m/v1/chat/completions [3mversion[0m[2m=[0mHTTP/1.0 [3mrequest_id[0m[2m=[0m886c4647-2941-4816-86cb-9ea7b42bd694 [3mmodel[0m[2m=[0m"deepseek-ai/deepseek-v4-pro" [3minput_tokens[0m[2m=[0m1975 [3moutput_tokens[0m[2m=[0m49 [3mttft_ms[0m[2m=[0m"9626.86" [3mavg_itl_ms[0m[2m=[0m"14.44"[0m
[2m2026-06-08T00:40:50.237089Z[0m [32m INFO[0m [1mhttp-request[0m: [2mdynamo_llm::http::service::metrics[0m[2m:[0m request received [3mrequest_id[0m[2m=[0m94ed3412-067c-457a-ae70-b47d6673aab7 [3mmodel[0m[2m=[0mdeepseek-ai/deepseek-v4-pro [3mendpoint[0m[2m=[0mchat_completions [3mrequest_type[0m[2m=[0mstream [2m[3mmethod[0m[2m=[0mPOST [3muri[0m[2m=[0m/v1/chat/completions [3mversion[0m[2m=[0mHTTP/1.0 [3mrequest_id[0m[2m=[0m76c464ca-05e2-4ee5-aed1-b4113cab0ae6 [3mmodel[0m[2m=[0m"deepseek-ai/deepseek-v4-pro"[0m
[2m2026-06-08T00:40:50.315450Z[0m [32m INFO[0m [1mhttp-request[0m: [2mdynamo_llm::http::service::service_v2[0m[2m:[0m http response sent [3mstatus[0m[2m=[0m200 [3mlatency_ms[0m[2m=[0m79 [2m[3mmethod[0m[2m=[0mPOST [3muri[0m[2m=[0m/v1/chat/completions [3mversion[0m[2m=[0mHTTP/1.0 [3mrequest_id[0m[2m=[0m76c464ca-05e2-4ee5-aed1-b4113cab0ae6 [3mmodel[0m[2m=[0m"deepseek-ai/deepseek-v4-pro"[0m
[2m2026-06-08T00:41:05.181584Z[0m [32m INFO[0m [2mdynamo_llm::http::service::service_v2[0m[2m:[0m http response sent [3mstatus[0m[2m=[0m200 [3mlatency_ms[0m[2m=[0m4
[2m2026-06-08T00:41:20.190448Z[0m [32m INFO[0m [2mdynamo_llm::http::service::service_v2[0m[2m:[0m http response sent [3mstatus[0m[2m=[0m200 [3mlatency_ms[0m[2m=[0m4
[2m2026-06-08T00:41:25.978001Z[0m [32m INFO[0m [1mhttp-request[0m: [2mdynamo_llm::http::service::metrics[0m[2m:[0m request completed [3mrequest_id[0m[2m=[0m94ed3412-067c-457a-ae70-b47d6673aab7 [3mmodel[0m[2m=[0mdeepseek-ai/deepseek-v4-pro [3mendpoint[0m[2m=[0mchat_completions [3mrequest_type[0m[2m=[0mstream [3mstatus[0m[2m=[0msuccess [3melapsed_ms[0m[2m=[0m35740 [2m[3mmethod[0m[2m=[0mPOST [3muri[0m[2m=[0m/v1/chat/completions [3mversion[0m[2m=[0mHTTP/1.0 [3mrequest_id[0m[2m=[0m76c464ca-05e2-4ee5-aed1-b4113cab0ae6 [3mmodel[0m[2m=[0m"deepseek-ai/deepseek-v4-pro" [3minput_tokens[0m[2m=[0m2029 [3moutput_tokens[0m[2m=[0m2409 [3mttft_ms[0m[2m=[0m"2189.21" [3mavg_itl_ms[0m[2m=[0m"13.93"[0m
[2m2026-06-08T00:41:25.982250Z[0m [32m INFO[0m [1mhttp-request[0m: [2mdynamo_llm::http::service::metrics[0m[2m:[0m request received [3mrequest_id[0m[2m=[0m61fd1354-3e85-41f2-b808-7146e59e8aa2 [3mmodel[0m[2m=[0mdeepseek-ai/deepseek-v4-pro [3mendpoint[0m[2m=[0mchat_completions [3mrequest_type[0m[2m=[0mstream [2m[3mmethod[0m[2m=[0mPOST [3muri[0m[2m=[0m/v1/chat/completions [3mversion[0m[2m=[0mHTTP/1.0 [3mrequest_id[0m[2m=[0m41d984c3-62ad-4c5a-bf28-8225c8c8f41b [3mmodel[0m[2m=[0m"deepseek-ai/deepseek-v4-pro"[0m
[2m2026-06-08T00:41:26.100040Z[0m [32m INFO[0m [1mhttp-request[0m: [2mdynamo_llm::http::service::service_v2[0m[2m:[0m http response sent [3mstatus[0m[2m=[0m200 [3mlatency_ms[0m[2m=[0m118 [2m[3mmethod[0m[2m=[0mPOST [3muri[0m[2m=[0m/v1/chat/completions [3mversion[0m[2m=[0mHTTP/1.0 [3mrequest_id[0m[2m=[0m41d984c3-62ad-4c5a-bf28-8225c8c8f41b [3mmodel[0m[2m=[0m"deepseek-ai/deepseek-v4-pro"[0m
[2m2026-06-08T00:41:28.291710Z[0m [32m INFO[0m [2mdynamo_llm::http::service::service_v2[0m[2m:[0m http response sent [3mstatus[0m[2m=[0m200 [3mlatency_ms[0m[2m=[0m5
[2m2026-06-08T00:41:35.199571Z[0m [32m INFO[0m [2mdynamo_llm::http::service::service_v2[0m[2m:[0m http response sent [3mstatus[0m[2m=[0m200 [3mlatency_ms[0m[2m=[0m5
[2m2026-06-08T00:41:50.209050Z[0m [32m INFO[0m [2mdynamo_llm::http::service::service_v2[0m[2m:[0m http response sent [3mstatus[0m[2m=[0m200 [3mlatency_ms[0m[2m=[0m5
[2m2026-06-08T00:42:05.217614Z[0m [32m INFO[0m [2mdynamo_llm::http::service::service_v2[0m[2m:[0m http response sent [3mstatus[0m[2m=[0m200 [3mlatency_ms[0m[2m=[0m4
[2m2026-06-08T00:42:11.272678Z[0m [32m INFO[0m [1mhttp-request[0m: [2mdynamo_llm::http::service::metrics[0m[2m:[0m request completed [3mrequest_id[0m[2m=[0m61fd1354-3e85-41f2-b808-7146e59e8aa2 [3mmodel[0m[2m=[0mdeepseek-ai/deepseek-v4-pro [3mendpoint[0m[2m=[0mchat_completions [3mrequest_type[0m[2m=[0mstream [3mstatus[0m[2m=[0msuccess [3melapsed_ms[0m[2m=[0m45290 [2m[3mmethod[0m[2m=[0mPOST [3muri[0m[2m=[0m/v1/chat/completions [3mversion[0m[2m=[0mHTTP/1.0 [3mrequest_id[0m[2m=[0m41d984c3-62ad-4c5a-bf28-8225c8c8f41b [3mmodel[0m[2m=[0m"deepseek-ai/deepseek-v4-pro" [3minput_tokens[0m[2m=[0m3203 [3moutput_tokens[0m[2m=[0m2634 [3mttft_ms[0m[2m=[0m"8420.07" [3mavg_itl_ms[0m[2m=[0m"14.00"[0m
[2m2026-06-08T00:42:11.276328Z[0m [32m INFO[0m [1mhttp-request[0m: [2mdynamo_llm::http::service::metrics[0m[2m:[0m request received [3mrequest_id[0m[2m=[0m04592ab6-2058-41e3-ba84-010a29a5ccab [3mmodel[0m[2m=[0mdeepseek-ai/deepseek-v4-pro [3mendpoint[0m[2m=[0mchat_completions [3mrequest_type[0m[2m=[0mstream [2m[3mmethod[0m[2m=[0mPOST [3muri[0m[2m=[0m/v1/chat/completions [3mversion[0m[2m=[0mHTTP/1.0 [3mrequest_id[0m[2m=[0mcdd74c95-2e12-4bbb-ac9a-d254fb0d3802 [3mmodel[0m[2m=[0m"deepseek-ai/deepseek-v4-pro"[0m
[2m2026-06-08T00:42:11.438955Z[0m [32m INFO[0m [1mhttp-request[0m: [2mdynamo_llm::http::service::service_v2[0m[2m:[0m http response sent [3mstatus[0m[2m=[0m200 [3mlatency_ms[0m[2m=[0m163 [2m[3mmethod[0m[2m=[0mPOST [3muri[0m[2m=[0m/v1/chat/completions [3mversion[0m[2m=[0mHTTP/1.0 [3mrequest_id[0m[2m=[0mcdd74c95-2e12-4bbb-ac9a-d254fb0d3802 [3mmodel[0m[2m=[0m"deepseek-ai/deepseek-v4-pro"[0m
[2m2026-06-08T00:42:12.399160Z[0m [32m INFO[0m [1mhttp-request[0m: [2mdynamo_llm::http::service::metrics[0m[2m:[0m request completed [3mrequest_id[0m[2m=[0m7f5ea93a-6565-48e9-b8e5-e8197d5ec532 [3mmodel[0m[2m=[0mdeepseek-ai/deepseek-v4-pro [3mendpoint[0m[2m=[0mchat_completions [3mrequest_type[0m[2m=[0mstream [3mstatus[0m[2m=[0msuccess [3melapsed_ms[0m[2m=[0m92116 [2m[3mmethod[0m[2m=[0mPOST [3muri[0m[2m=[0m/v1/chat/completions [3mversion[0m[2m=[0mHTTP/1.0 [3mrequest_id[0m[2m=[0mb52a545e-b9f9-4c49-af4c-c6c8e544842e [3mmodel[0m[2m=[0m"deepseek-ai/deepseek-v4-pro" [3minput_tokens[0m[2m=[0m2655 [3moutput_tokens[0m[2m=[0m5920 [3mttft_ms[0m[2m=[0m"9360.55" [3mavg_itl_ms[0m[2m=[0m"13.98"[0m
[2m2026-06-08T00:42:12.399371Z[0m [32m INFO[0m [1mhttp-request[0m: [2mdynamo_llm::http::service::metrics[0m[2m:[0m request completed [3mrequest_id[0m[2m=[0m4ab71d25-5cfa-4644-917a-1b878cf48593 [3mmodel[0m[2m=[0mdeepseek-ai/deepseek-v4-pro [3mendpoint[0m[2m=[0mchat_completions [3mrequest_type[0m[2m=[0mstream [3mstatus[0m[2m=[0msuccess [3melapsed_ms[0m[2m=[0m92217 [2m[3mmethod[0m[2m=[0mPOST [3muri[0m[2m=[0m/v1/chat/completions [3mversion[0m[2m=[0mHTTP/1.0 [3mrequest_id[0m[2m=[0mab000a22-c9f4-48ca-91f6-6e6019775a6a [3mmodel[0m[2m=[0m"deepseek-ai/deepseek-v4-pro" [3minput_tokens[0m[2m=[0m2624 [3moutput_tokens[0m[2m=[0m5920 [3mttft_ms[0m[2m=[0m"9462.20" [3mavg_itl_ms[0m[2m=[0m"13.98"[0m
[2m2026-06-08T00:42:12.402436Z[0m [32m INFO[0m [1mhttp-request[0m: [2mdynamo_llm::http::service::metrics[0m[2m:[0m request received [3mrequest_id[0m[2m=[0m555bc460-989d-4caf-9c60-84fa94dbbe37 [3mmodel[0m[2m=[0mdeepseek-ai/deepseek-v4-pro [3mendpoint[0m[2m=[0mchat_completions [3mrequest_type[0m[2m=[0mstream [2m[3mmethod[0m[2m=[0mPOST [3muri[0m[2m=[0m/v1/chat/completions [3mversion[0m[2m=[0mHTTP/1.0 [3mrequest_id[0m[2m=[0m370cac98-1c73-43a3-bd06-413165a2f53d [3mmodel[0m[2m=[0m"deepseek-ai/deepseek-v4-pro"[0m
[2m2026-06-08T00:42:12.402433Z[0m [32m INFO[0m [1mhttp-request[0m: [2mdynamo_llm::http::service::metrics[0m[2m:[0m request received [3mrequest_id[0m[2m=[0m8ccffad7-3144-4746-b826-46698c13999a [3mmodel[0m[2m=[0mdeepseek-ai/deepseek-v4-pro [3mendpoint[0m[2m=[0mchat_completions [3mrequest_type[0m[2m=[0mstream [2m[3mmethod[0m[2m=[0mPOST [3muri[0m[2m=[0m/v1/chat/completions [3mversion[0m[2m=[0mHTTP/1.0 [3mrequest_id[0m[2m=[0ma6a6d8f5-6789-49e1-a2d8-4247165a798e [3mmodel[0m[2m=[0m"deepseek-ai/deepseek-v4-pro"[0m
[2m2026-06-08T00:42:12.412500Z[0m [32m INFO[0m [1mhttp-request[0m: [2mdynamo_llm::http::service::metrics[0m[2m:[0m request completed [3mrequest_id[0m[2m=[0m632cac48-1536-48b2-a482-2e310102c635 [3mmodel[0m[2m=[0mdeepseek-ai/deepseek-v4-pro [3mendpoint[0m[2m=[0mchat_completions [3mrequest_type[0m[2m=[0mstream [3mstatus[0m[2m=[0msuccess [3melapsed_ms[0m[2m=[0m92129 [2m[3mmethod[0m[2m=[0mPOST [3muri[0m[2m=[0m/v1/chat/completions [3mversion[0m[2m=[0mHTTP/1.0 [3mrequest_id[0m[2m=[0m8ff88572-ede1-4d57-901d-0a225dd6d638 [3mmodel[0m[2m=[0m"deepseek-ai/deepseek-v4-pro" [3minput_tokens[0m[2m=[0m2654 [3moutput_tokens[0m[2m=[0m5920 [3mttft_ms[0m[2m=[0m"9371.00" [3mavg_itl_ms[0m[2m=[0m"13.98"[0m
[2m2026-06-08T00:42:12.414681Z[0m [32m INFO[0m [1mhttp-request[0m: [2mdynamo_llm::http::service::metrics[0m[2m:[0m request received [3mrequest_id[0m[2m=[0m77ddd939-e08a-4083-976d-72d4d9d65364 [3mmodel[0m[2m=[0mdeepseek-ai/deepseek-v4-pro [3mendpoint[0m[2m=[0mchat_completions [3mrequest_type[0m[2m=[0mstream [2m[3mmethod[0m[2m=[0mPOST [3muri[0m[2m=[0m/v1/chat/completions [3mversion[0m[2m=[0mHTTP/1.0 [3mrequest_id[0m[2m=[0m3111b56e-7a19-4d9a-b2ec-709f5a9de579 [3mmodel[0m[2m=[0m"deepseek-ai/deepseek-v4-pro"[0m
[2m2026-06-08T00:42:12.575381Z[0m [32m INFO[0m [1mhttp-request[0m: [2mdynamo_llm::http::service::service_v2[0m[2m:[0m http response sent [3mstatus[0m[2m=[0m200 [3mlatency_ms[0m[2m=[0m173 [2m[3mmethod[0m[2m=[0mPOST [3muri[0m[2m=[0m/v1/chat/completions [3mversion[0m[2m=[0mHTTP/1.0 [3mrequest_id[0m[2m=[0m370cac98-1c73-43a3-bd06-413165a2f53d [3mmodel[0m[2m=[0m"deepseek-ai/deepseek-v4-pro"[0m
[2m2026-06-08T00:42:12.576124Z[0m [32m INFO[0m [1mhttp-request[0m: [2mdynamo_llm::http::service::service_v2[0m[2m:[0m http response sent [3mstatus[0m[2m=[0m200 [3mlatency_ms[0m[2m=[0m174 [2m[3mmethod[0m[2m=[0mPOST [3muri[0m[2m=[0m/v1/chat/completions [3mversion[0m[2m=[0mHTTP/1.0 [3mrequest_id[0m[2m=[0ma6a6d8f5-6789-49e1-a2d8-4247165a798e [3mmodel[0m[2m=[0m"deepseek-ai/deepseek-v4-pro"[0m
[2m2026-06-08T00:42:12.581377Z[0m [32m INFO[0m [1mhttp-request[0m: [2mdynamo_llm::http::service::service_v2[0m[2m:[0m http response sent [3mstatus[0m[2m=[0m200 [3mlatency_ms[0m[2m=[0m167 [2m[3mmethod[0m[2m=[0mPOST [3muri[0m[2m=[0m/v1/chat/completions [3mversion[0m[2m=[0mHTTP/1.0 [3mrequest_id[0m[2m=[0m3111b56e-7a19-4d9a-b2ec-709f5a9de579 [3mmodel[0m[2m=[0m"deepseek-ai/deepseek-v4-pro"[0m
[2m2026-06-08T00:42:14.244128Z[0m [32m INFO[0m [1mhttp-request[0m: [2mdynamo_llm::http::service::metrics[0m[2m:[0m request completed [3mrequest_id[0m[2m=[0m04592ab6-2058-41e3-ba84-010a29a5ccab [3mmodel[0m[2m=[0mdeepseek-ai/deepseek-v4-pro [3mendpoint[0m[2m=[0mchat_completions [3mrequest_type[0m[2m=[0mstream [3mstatus[0m[2m=[0msuccess [3melapsed_ms[0m[2m=[0m2967 [2m[3mmethod[0m[2m=[0mPOST [3muri[0m[2m=[0m/v1/chat/completions [3mversion[0m[2m=[0mHTTP/1.0 [3mrequest_id[0m[2m=[0mcdd74c95-2e12-4bbb-ac9a-d254fb0d3802 [3mmodel[0m[2m=[0m"deepseek-ai/deepseek-v4-pro" [3minput_tokens[0m[2m=[0m4554 [3moutput_tokens[0m[2m=[0m196 [3mttft_ms[0m[2m=[0m"492.93" [3mavg_itl_ms[0m[2m=[0m"12.68"[0m
[2m2026-06-08T00:42:14.247511Z[0m [32m INFO[0m [1mhttp-request[0m: [2mdynamo_llm::http::service::metrics[0m[2m:[0m request received [3mrequest_id[0m[2m=[0ma745dda1-da13-4844-a8ed-41682ff8fd49 [3mmodel[0m[2m=[0mdeepseek-ai/deepseek-v4-pro [3mendpoint[0m[2m=[0mchat_completions [3mrequest_type[0m[2m=[0mstream [2m[3mmethod[0m[2m=[0mPOST [3muri[0m[2m=[0m/v1/chat/completions [3mversion[0m[2m=[0mHTTP/1.0 [3mrequest_id[0m[2m=[0m832d6aea-8766-4662-80bb-e963ef67b4cd [3mmodel[0m[2m=[0m"deepseek-ai/deepseek-v4-pro"[0m
[2m2026-06-08T00:42:14.409719Z[0m [32m INFO[0m [1mhttp-request[0m: [2mdynamo_llm::http::service::service_v2[0m[2m:[0m http response sent [3mstatus[0m[2m=[0m200 [3mlatency_ms[0m[2m=[0m162 [2m[3mmethod[0m[2m=[0mPOST [3muri[0m[2m=[0m/v1/chat/completions [3mversion[0m[2m=[0mHTTP/1.0 [3mrequest_id[0m[2m=[0m832d6aea-8766-4662-80bb-e963ef67b4cd [3mmodel[0m[2m=[0m"deepseek-ai/deepseek-v4-pro"[0m
[2m2026-06-08T00:42:15.079562Z[0m [32m INFO[0m [1mhttp-request[0m: [2mdynamo_llm::http::service::metrics[0m[2m:[0m request completed [3mrequest_id[0m[2m=[0m555bc460-989d-4caf-9c60-84fa94dbbe37 [3mmodel[0m[2m=[0mdeepseek-ai/deepseek-v4-pro [3mendpoint[0m[2m=[0mchat_completions [3mrequest_type[0m[2m=[0mstream [3mstatus[0m[2m=[0msuccess [3melapsed_ms[0m[2m=[0m2677 [2m[3mmethod[0m[2m=[0mPOST [3muri[0m[2m=[0m/v1/chat/completions [3mversion[0m[2m=[0mHTTP/1.0 [3mrequest_id[0m[2m=[0m370cac98-1c73-43a3-bd06-413165a2f53d [3mmodel[0m[2m=[0m"deepseek-ai/deepseek-v4-pro" [3minput_tokens[0m[2m=[0m5038 [3moutput_tokens[0m[2m=[0m111 [3mttft_ms[0m[2m=[0m"1132.28" [3mavg_itl_ms[0m[2m=[0m"14.03"[0m
[2m2026-06-08T00:42:15.082550Z[0m [32m INFO[0m [1mhttp-request[0m: [2mdynamo_llm::http::service::metrics[0m[2m:[0m request received [3mrequest_id[0m[2m=[0mc508acc3-242c-4cf4-bc86-5d1429a7c635 [3mmodel[0m[2m=[0mdeepseek-ai/deepseek-v4-pro [3mendpoint[0m[2m=[0mchat_completions [3mrequest_type[0m[2m=[0mstream [2m[3mmethod[0m[2m=[0mPOST [3muri[0m[2m=[0m/v1/chat/completions [3mversion[0m[2m=[0mHTTP/1.0 [3mrequest_id[0m[2m=[0mb0b562a0-0abd-4d59-8a32-372938ce9260 [3mmodel[0m[2m=[0m"deepseek-ai/deepseek-v4-pro"[0m
[2m2026-06-08T00:42:15.208095Z[0m [32m INFO[0m [1mhttp-request[0m: [2mdynamo_llm::http::service::metrics[0m[2m:[0m request completed [3mrequest_id[0m[2m=[0m8ccffad7-3144-4746-b826-46698c13999a [3mmodel[0m[2m=[0mdeepseek-ai/deepseek-v4-pro [3mendpoint[0m[2m=[0mchat_completions [3mrequest_type[0m[2m=[0mstream [3mstatus[0m[2m=[0msuccess [3melapsed_ms[0m[2m=[0m2805 [2m[3mmethod[0m[2m=[0mPOST [3muri[0m[2m=[0m/v1/chat/completions [3mversion[0m[2m=[0mHTTP/1.0 [3mrequest_id[0m[2m=[0ma6a6d8f5-6789-49e1-a2d8-4247165a798e [3mmodel[0m[2m=[0m"deepseek-ai/deepseek-v4-pro" [3minput_tokens[0m[2m=[0m4996 [3moutput_tokens[0m[2m=[0m111 [3mttft_ms[0m[2m=[0m"1257.39" [3mavg_itl_ms[0m[2m=[0m"14.07"[0m
[2m2026-06-08T00:42:15.210937Z[0m [32m INFO[0m [1mhttp-request[0m: [2mdynamo_llm::http::service::metrics[0m[2m:[0m request received [3mrequest_id[0m[2m=[0mc5aa1b2c-6c8f-43e5-bf7f-4e25c2b6deed [3mmodel[0m[2m=[0mdeepseek-ai/deepseek-v4-pro [3mendpoint[0m[2m=[0mchat_completions [3mrequest_type[0m[2m=[0mstream [2m[3mmethod[0m[2m=[0mPOST [3muri[0m[2m=[0m/v1/chat/completions [3mversion[0m[2m=[0mHTTP/1.0 [3mrequest_id[0m[2m=[0m484ea679-c1d1-4525-ac45-aee85e11a526 [3mmodel[0m[2m=[0m"deepseek-ai/deepseek-v4-pro"[0m
[2m2026-06-08T00:42:15.220926Z[0m [32m INFO[0m [1mhttp-request[0m: [2mdynamo_llm::http::service::metrics[0m[2m:[0m request completed [3mrequest_id[0m[2m=[0m77ddd939-e08a-4083-976d-72d4d9d65364 [3mmodel[0m[2m=[0mdeepseek-ai/deepseek-v4-pro [3mendpoint[0m[2m=[0mchat_completions [3mrequest_type[0m[2m=[0mstream [3mstatus[0m[2m=[0msuccess [3melapsed_ms[0m[2m=[0m2806 [2m[3mmethod[0m[2m=[0mPOST [3muri[0m[2m=[0m/v1/chat/completions [3mversion[0m[2m=[0mHTTP/1.0 [3mrequest_id[0m[2m=[0m3111b56e-7a19-4d9a-b2ec-709f5a9de579 [3mmodel[0m[2m=[0m"deepseek-ai/deepseek-v4-pro" [3minput_tokens[0m[2m=[0m5036 [3moutput_tokens[0m[2m=[0m111 [3mttft_ms[0m[2m=[0m"1257.98" [3mavg_itl_ms[0m[2m=[0m"14.07"[0m
[2m2026-06-08T00:42:15.223117Z[0m [32m INFO[0m [1mhttp-request[0m: [2mdynamo_llm::http::service::metrics[0m[2m:[0m request received [3mrequest_id[0m[2m=[0mff29404c-51e7-4cca-b428-cc14edb2210e [3mmodel[0m[2m=[0mdeepseek-ai/deepseek-v4-pro [3mendpoint[0m[2m=[0mchat_completions [3mrequest_type[0m[2m=[0mstream [2m[3mmethod[0m[2m=[0mPOST [3muri[0m[2m=[0m/v1/chat/completions [3mversion[0m[2m=[0mHTTP/1.0 [3mrequest_id[0m[2m=[0md0b54a2a-87bf-4c4c-81f4-f2340f906302 [3mmodel[0m[2m=[0m"deepseek-ai/deepseek-v4-pro"[0m
[2m2026-06-08T00:42:15.257543Z[0m [32m INFO[0m [1mhttp-request[0m: [2mdynamo_llm::http::service::service_v2[0m[2m:[0m http response sent [3mstatus[0m[2m=[0m200 [3mlatency_ms[0m[2m=[0m175 [2m[3mmethod[0m[2m=[0mPOST [3muri[0m[2m=[0m/v1/chat/completions [3mversion[0m[2m=[0mHTTP/1.0 [3mrequest_id[0m[2m=[0mb0b562a0-0abd-4d59-8a32-372938ce9260 [3mmodel[0m[2m=[0m"deepseek-ai/deepseek-v4-pro"[0m
[2m2026-06-08T00:42:15.383757Z[0m [32m INFO[0m [1mhttp-request[0m: [2mdynamo_llm::http::service::service_v2[0m[2m:[0m http response sent [3mstatus[0m[2m=[0m200 [3mlatency_ms[0m[2m=[0m173 [2m[3mmethod[0m[2m=[0mPOST [3muri[0m[2m=[0m/v1/chat/completions [3mversion[0m[2m=[0mHTTP/1.0 [3mrequest_id[0m[2m=[0m484ea679-c1d1-4525-ac45-aee85e11a526 [3mmodel[0m[2m=[0m"deepseek-ai/deepseek-v4-pro"[0m
[2m2026-06-08T00:42:15.394137Z[0m [32m INFO[0m [1mhttp-request[0m: [2mdynamo_llm::http::service::service_v2[0m[2m:[0m http response sent [3mstatus[0m[2m=[0m200 [3mlatency_ms[0m[2m=[0m171 [2m[3mmethod[0m[2m=[0mPOST [3muri[0m[2m=[0m/v1/chat/completions [3mversion[0m[2m=[0mHTTP/1.0 [3mrequest_id[0m[2m=[0md0b54a2a-87bf-4c4c-81f4-f2340f906302 [3mmodel[0m[2m=[0m"deepseek-ai/deepseek-v4-pro"[0m
[2m2026-06-08T00:42:20.225596Z[0m [32m INFO[0m [2mdynamo_llm::http::service::service_v2[0m[2m:[0m http response sent [3mstatus[0m[2m=[0m200 [3mlatency_ms[0m[2m=[0m4
[2m2026-06-08T00:42:27.820086Z[0m [32m INFO[0m [2mdynamo_llm::discovery::model[0m[2m:[0m Removed worker set from model [3mmodel[0m[2m=[0mdeepseek-ai/DeepSeek-V4-Pro [3mnamespace[0m[2m=[0mdynamo:prefill [3mremaining_sets[0m[2m=[0m1
[2m2026-06-08T00:42:27.820239Z[0m [32m INFO[0m [2mdynamo_llm::discovery::watcher[0m[2m:[0m Removed WorkerSet (no remaining instances in namespace) [3mmodel_name[0m[2m=[0m"deepseek-ai/DeepSeek-V4-Pro" [3mnamespace[0m[2m=[0mdynamo
[2m2026-06-08T00:42:27.820301Z[0m [32m INFO[0m [2mdynamo_llm::kv_router::prefill_router::activation[0m[2m:[0m Prefill router deactivated (all prefill workers removed) [3mmodel_name[0m[2m=[0mdeepseek-ai/DeepSeek-V4-Pro [3mnamespace[0m[2m=[0mdynamo [3menforce_disagg[0m[2m=[0mfalse
[2m2026-06-08T00:42:27.941465Z[0m [32m INFO[0m [1mhttp-request[0m: [2mdynamo_llm::http::service::metrics[0m[2m:[0m request completed [3mrequest_id[0m[2m=[0mc508acc3-242c-4cf4-bc86-5d1429a7c635 [3mmodel[0m[2m=[0mdeepseek-ai/deepseek-v4-pro [3mendpoint[0m[2m=[0mchat_completions [3mrequest_type[0m[2m=[0mstream [3mstatus[0m[2m=[0msuccess [3melapsed_ms[0m[2m=[0m12858 [2m[3mmethod[0m[2m=[0mPOST [3muri[0m[2m=[0m/v1/chat/completions [3mversion[0m[2m=[0mHTTP/1.0 [3mrequest_id[0m[2m=[0mb0b562a0-0abd-4d59-8a32-372938ce9260 [3mmodel[0m[2m=[0m"deepseek-ai/deepseek-v4-pro" [3minput_tokens[0m[2m=[0m0 [3moutput_tokens[0m[2m=[0m0[0m
[2m2026-06-08T00:42:27.941455Z[0m [32m INFO[0m [1mhttp-request[0m: [2mdynamo_llm::http::service::metrics[0m[2m:[0m request completed [3mrequest_id[0m[2m=[0ma745dda1-da13-4844-a8ed-41682ff8fd49 [3mmodel[0m[2m=[0mdeepseek-ai/deepseek-v4-pro [3mendpoint[0m[2m=[0mchat_completions [3mrequest_type[0m[2m=[0mstream [3mstatus[0m[2m=[0msuccess [3melapsed_ms[0m[2m=[0m13693 [2m[3mmethod[0m[2m=[0mPOST [3muri[0m[2m=[0m/v1/chat/completions [3mversion[0m[2m=[0mHTTP/1.0 [3mrequest_id[0m[2m=[0m832d6aea-8766-4662-80bb-e963ef67b4cd [3mmodel[0m[2m=[0m"deepseek-ai/deepseek-v4-pro" [3minput_tokens[0m[2m=[0m0 [3moutput_tokens[0m[2m=[0m0[0m
[2m2026-06-08T00:42:27.941611Z[0m [32m INFO[0m [1mhttp-request[0m: [2mdynamo_llm::http::service::metrics[0m[2m:[0m request completed [3mrequest_id[0m[2m=[0mff29404c-51e7-4cca-b428-cc14edb2210e [3mmodel[0m[2m=[0mdeepseek-ai/deepseek-v4-pro [3mendpoint[0m[2m=[0mchat_completions [3mrequest_type[0m[2m=[0mstream [3mstatus[0m[2m=[0msuccess [3melapsed_ms[0m[2m=[0m12718 [2m[3mmethod[0m[2m=[0mPOST [3muri[0m[2m=[0m/v1/chat/completions [3mversion[0m[2m=[0mHTTP/1.0 [3mrequest_id[0m[2m=[0md0b54a2a-87bf-4c4c-81f4-f2340f906302 [3mmodel[0m[2m=[0m"deepseek-ai/deepseek-v4-pro" [3minput_tokens[0m[2m=[0m0 [3moutput_tokens[0m[2m=[0m0[0m
[2m2026-06-08T00:42:27.941611Z[0m [32m INFO[0m [1mhttp-request[0m: [2mdynamo_llm::http::service::metrics[0m[2m:[0m request completed [3mrequest_id[0m[2m=[0mc5aa1b2c-6c8f-43e5-bf7f-4e25c2b6deed [3mmodel[0m[2m=[0mdeepseek-ai/deepseek-v4-pro [3mendpoint[0m[2m=[0mchat_completions [3mrequest_type[0m[2m=[0mstream [3mstatus[0m[2m=[0msuccess [3melapsed_ms[0m[2m=[0m12730 [2m[3mmethod[0m[2m=[0mPOST [3muri[0m[2m=[0m/v1/chat/completions [3mversion[0m[2m=[0mHTTP/1.0 [3mrequest_id[0m[2m=[0m484ea679-c1d1-4525-ac45-aee85e11a526 [3mmodel[0m[2m=[0m"deepseek-ai/deepseek-v4-pro" [3minput_tokens[0m[2m=[0m0 [3moutput_tokens[0m[2m=[0m0[0m
[2m2026-06-08T00:42:27.945613Z[0m [32m INFO[0m [1mhttp-request[0m: [2mdynamo_llm::http::service::metrics[0m[2m:[0m request received [3mrequest_id[0m[2m=[0mbe150f3c-99cb-47b1-8aba-2818f4ea9456 [3mmodel[0m[2m=[0mdeepseek-ai/deepseek-v4-pro [3mendpoint[0m[2m=[0mchat_completions [3mrequest_type[0m[2m=[0mstream [2m[3mmethod[0m[2m=[0mPOST [3muri[0m[2m=[0m/v1/chat/completions [3mversion[0m[2m=[0mHTTP/1.0 [3mrequest_id[0m[2m=[0m74067fea-3adc-4169-a887-86fafff442e6 [3mmodel[0m[2m=[0m"deepseek-ai/deepseek-v4-pro"[0m
[2m2026-06-08T00:42:27.945615Z[0m [32m INFO[0m [1mhttp-request[0m: [2mdynamo_llm::http::service::metrics[0m[2m:[0m request received [3mrequest_id[0m[2m=[0m6df5fbb7-8cec-4ac9-9344-9992e826e30a [3mmodel[0m[2m=[0mdeepseek-ai/deepseek-v4-pro [3mendpoint[0m[2m=[0mchat_completions [3mrequest_type[0m[2m=[0mstream [2m[3mmethod[0m[2m=[0mPOST [3muri[0m[2m=[0m/v1/chat/completions [3mversion[0m[2m=[0mHTTP/1.0 [3mrequest_id[0m[2m=[0m54df6e57-6c18-4ad8-85f9-6ef0c2b97316 [3mmodel[0m[2m=[0m"deepseek-ai/deepseek-v4-pro"[0m
[2m2026-06-08T00:42:27.945620Z[0m [32m INFO[0m [1mhttp-request[0m: [2mdynamo_llm::http::service::metrics[0m[2m:[0m request received [3mrequest_id[0m[2m=[0m13716eb3-430f-45dd-bece-b7a1ec520b76 [3mmodel[0m[2m=[0mdeepseek-ai/deepseek-v4-pro [3mendpoint[0m[2m=[0mchat_completions [3mrequest_type[0m[2m=[0mstream [2m[3mmethod[0m[2m=[0mPOST [3muri[0m[2m=[0m/v1/chat/completions [3mversion[0m[2m=[0mHTTP/1.0 [3mrequest_id[0m[2m=[0maf450a1c-6f72-46dc-9a90-2fd3acc86083 [3mmodel[0m[2m=[0m"deepseek-ai/deepseek-v4-pro"[0m
[2m2026-06-08T00:42:27.945687Z[0m [32m INFO[0m [1mhttp-request[0m: [2mdynamo_llm::http::service::metrics[0m[2m:[0m request received [3mrequest_id[0m[2m=[0mb08deb1e-d3b2-4eb4-aed4-41f425b9387e [3mmodel[0m[2m=[0mdeepseek-ai/deepseek-v4-pro [3mendpoint[0m[2m=[0mchat_completions [3mrequest_type[0m[2m=[0mstream [2m[3mmethod[0m[2m=[0mPOST [3muri[0m[2m=[0m/v1/chat/completions [3mversion[0m[2m=[0mHTTP/1.0 [3mrequest_id[0m[2m=[0m4e35b1a2-6544-4da5-b9a5-1b9cc9f26818 [3mmodel[0m[2m=[0m"deepseek-ai/deepseek-v4-pro"[0m
[2m2026-06-08T00:42:28.113771Z[0m [32m INFO[0m [1mhttp-request[0m: [2mdynamo_llm::http::service::service_v2[0m[2m:[0m http response sent [3mstatus[0m[2m=[0m200 [3mlatency_ms[0m[2m=[0m168 [2m[3mmethod[0m[2m=[0mPOST [3muri[0m[2m=[0m/v1/chat/completions [3mversion[0m[2m=[0mHTTP/1.0 [3mrequest_id[0m[2m=[0m4e35b1a2-6544-4da5-b9a5-1b9cc9f26818 [3mmodel[0m[2m=[0m"deepseek-ai/deepseek-v4-pro"[0m
[2m2026-06-08T00:42:28.114639Z[0m [31mERROR[0m [1mhttp-request[0m: [2mdynamo_llm::http::service::metrics[0m[2m:[0m request completed [3mrequest_id[0m[2m=[0mb08deb1e-d3b2-4eb4-aed4-41f425b9387e [3mmodel[0m[2m=[0mdeepseek-ai/deepseek-v4-pro [3mendpoint[0m[2m=[0mchat_completions [3mrequest_type[0m[2m=[0mstream [3mstatus[0m[2m=[0merror [3merror_type[0m[2m=[0minternal [3merror_detail[0m[2m=[0minternal server error during processing [3melapsed_ms[0m[2m=[0m168 [2m[3mmethod[0m[2m=[0mPOST [3muri[0m[2m=[0m/v1/chat/completions [3mversion[0m[2m=[0mHTTP/1.0 [3mrequest_id[0m[2m=[0m4e35b1a2-6544-4da5-b9a5-1b9cc9f26818 [3mmodel[0m[2m=[0m"deepseek-ai/deepseek-v4-pro" [3minput_tokens[0m[2m=[0m0 [3moutput_tokens[0m[2m=[0m0[0m
[2m2026-06-08T00:42:28.117179Z[0m [32m INFO[0m [1mhttp-request[0m: [2mdynamo_llm::http::service::metrics[0m[2m:[0m request received [3mrequest_id[0m[2m=[0me669c275-e6e6-4a5b-b4af-065169ee4e3d [3mmodel[0m[2m=[0mdeepseek-ai/deepseek-v4-pro [3mendpoint[0m[2m=[0mchat_completions [3mrequest_type[0m[2m=[0mstream [2m[3mmethod[0m[2m=[0mPOST [3muri[0m[2m=[0m/v1/chat/completions [3mversion[0m[2m=[0mHTTP/1.0 [3mrequest_id[0m[2m=[0md3224c2a-33dd-4ad7-973e-9480ba1b6583 [3mmodel[0m[2m=[0m"deepseek-ai/deepseek-v4-pro"[0m
[2m2026-06-08T00:42:28.187417Z[0m [32m INFO[0m [1mhttp-request[0m: [2mdynamo_llm::http::service::service_v2[0m[2m:[0m http response sent [3mstatus[0m[2m=[0m200 [3mlatency_ms[0m[2m=[0m242 [2m[3mmethod[0m[2m=[0mPOST [3muri[0m[2m=[0m/v1/chat/completions [3mversion[0m[2m=[0mHTTP/1.0 [3mrequest_id[0m[2m=[0m54df6e57-6c18-4ad8-85f9-6ef0c2b97316 [3mmodel[0m[2m=[0m"deepseek-ai/deepseek-v4-pro"[0m
[2m2026-06-08T00:42:28.188127Z[0m [31mERROR[0m [1mhttp-request[0m: [2mdynamo_llm::http::service::metrics[0m[2m:[0m request completed [3mrequest_id[0m[2m=[0m6df5fbb7-8cec-4ac9-9344-9992e826e30a [3mmodel[0m[2m=[0mdeepseek-ai/deepseek-v4-pro [3mendpoint[0m[2m=[0mchat_completions [3mrequest_type[0m[2m=[0mstream [3mstatus[0m[2m=[0merror [3merror_type[0m[2m=[0minternal [3merror_detail[0m[2m=[0minternal server error during processing [3melapsed_ms[0m[2m=[0m242 [2m[3mmethod[0m[2m=[0mPOST [3muri[0m[2m=[0m/v1/chat/completions [3mversion[0m[2m=[0mHTTP/1.0 [3mrequest_id[0m[2m=[0m54df6e57-6c18-4ad8-85f9-6ef0c2b97316 [3mmodel[0m[2m=[0m"deepseek-ai/deepseek-v4-pro" [3minput_tokens[0m[2m=[0m0 [3moutput_tokens[0m[2m=[0m0[0m
[2m2026-06-08T00:42:28.189152Z[0m [32m INFO[0m [1mhttp-request[0m: [2mdynamo_llm::http::service::service_v2[0m[2m:[0m http response sent [3mstatus[0m[2m=[0m200 [3mlatency_ms[0m[2m=[0m244 [2m[3mmethod[0m[2m=[0mPOST [3muri[0m[2m=[0m/v1/chat/completions [3mversion[0m[2m=[0mHTTP/1.0 [3mrequest_id[0m[2m=[0m74067fea-3adc-4169-a887-86fafff442e6 [3mmodel[0m[2m=[0m"deepseek-ai/deepseek-v4-pro"[0m
[2m2026-06-08T00:42:28.189836Z[0m [32m INFO[0m [1mhttp-request[0m: [2mdynamo_llm::http::service::service_v2[0m[2m:[0m http response sent [3mstatus[0m[2m=[0m200 [3mlatency_ms[0m[2m=[0m245 [2m[3mmethod[0m[2m=[0mPOST [3muri[0m[2m=[0m/v1/chat/completions [3mversion[0m[2m=[0mHTTP/1.0 [3mrequest_id[0m[2m=[0maf450a1c-6f72-46dc-9a90-2fd3acc86083 [3mmodel[0m[2m=[0m"deepseek-ai/deepseek-v4-pro"[0m
[2m2026-06-08T00:42:28.190615Z[0m [32m INFO[0m [1mhttp-request[0m: [2mdynamo_llm::http::service::metrics[0m[2m:[0m request received [3mrequest_id[0m[2m=[0m9b1f740a-9a71-436e-9a48-2fad06f3edfc [3mmodel[0m[2m=[0mdeepseek-ai/deepseek-v4-pro [3mendpoint[0m[2m=[0mchat_completions [3mrequest_type[0m[2m=[0mstream [2m[3mmethod[0m[2m=[0mPOST [3muri[0m[2m=[0m/v1/chat/completions [3mversion[0m[2m=[0mHTTP/1.0 [3mrequest_id[0m[2m=[0m1ac8a8db-235d-4f5d-837c-bed976a9c0d6 [3mmodel[0m[2m=[0m"deepseek-ai/deepseek-v4-pro"[0m
[2m2026-06-08T00:42:28.190641Z[0m [31mERROR[0m [1mhttp-request[0m: [2mdynamo_llm::http::service::metrics[0m[2m:[0m request completed [3mrequest_id[0m[2m=[0m13716eb3-430f-45dd-bece-b7a1ec520b76 [3mmodel[0m[2m=[0mdeepseek-ai/deepseek-v4-pro [3mendpoint[0m[2m=[0mchat_completions [3mrequest_type[0m[2m=[0mstream [3mstatus[0m[2m=[0merror [3merror_type[0m[2m=[0minternal [3merror_detail[0m[2m=[0minternal server error during processing [3melapsed_ms[0m[2m=[0m245 [2m[3mmethod[0m[2m=[0mPOST [3muri[0m[2m=[0m/v1/chat/completions [3mversion[0m[2m=[0mHTTP/1.0 [3mrequest_id[0m[2m=[0maf450a1c-6f72-46dc-9a90-2fd3acc86083 [3mmodel[0m[2m=[0m"deepseek-ai/deepseek-v4-pro" [3minput_tokens[0m[2m=[0m0 [3moutput_tokens[0m[2m=[0m0[0m
[2m2026-06-08T00:42:28.191070Z[0m [31mERROR[0m [1mhttp-request[0m: [2mdynamo_llm::http::service::metrics[0m[2m:[0m request completed [3mrequest_id[0m[2m=[0mbe150f3c-99cb-47b1-8aba-2818f4ea9456 [3mmodel[0m[2m=[0mdeepseek-ai/deepseek-v4-pro [3mendpoint[0m[2m=[0mchat_completions [3mrequest_type[0m[2m=[0mstream [3mstatus[0m[2m=[0merror [3merror_type[0m[2m=[0minternal [3merror_detail[0m[2m=[0minternal server error during processing [3melapsed_ms[0m[2m=[0m245 [2m[3mmethod[0m[2m=[0mPOST [3muri[0m[2m=[0m/v1/chat/completions [3mversion[0m[2m=[0mHTTP/1.0 [3mrequest_id[0m[2m=[0m74067fea-3adc-4169-a887-86fafff442e6 [3mmodel[0m[2m=[0m"deepseek-ai/deepseek-v4-pro" [3minput_tokens[0m[2m=[0m0 [3moutput_tokens[0m[2m=[0m0[0m
[2m2026-06-08T00:42:28.193105Z[0m [32m INFO[0m [1mhttp-request[0m: [2mdynamo_llm::http::service::metrics[0m[2m:[0m request received [3mrequest_id[0m[2m=[0mc3889a7d-c569-4c16-a197-83a04fb97c13 [3mmodel[0m[2m=[0mdeepseek-ai/deepseek-v4-pro [3mendpoint[0m[2m=[0mchat_completions [3mrequest_type[0m[2m=[0mstream [2m[3mmethod[0m[2m=[0mPOST [3muri[0m[2m=[0m/v1/chat/completions [3mversion[0m[2m=[0mHTTP/1.0 [3mrequest_id[0m[2m=[0m0f6e0d82-9ab5-48d6-bd40-4eed1872d525 [3mmodel[0m[2m=[0m"deepseek-ai/deepseek-v4-pro"[0m
[2m2026-06-08T00:42:28.193417Z[0m [32m INFO[0m [1mhttp-request[0m: [2mdynamo_llm::http::service::metrics[0m[2m:[0m request received [3mrequest_id[0m[2m=[0m08ba6a08-a3cd-44f6-8f7a-21e6ab37da1d [3mmodel[0m[2m=[0mdeepseek-ai/deepseek-v4-pro [3mendpoint[0m[2m=[0mchat_completions [3mrequest_type[0m[2m=[0mstream [2m[3mmethod[0m[2m=[0mPOST [3muri[0m[2m=[0m/v1/chat/completions [3mversion[0m[2m=[0mHTTP/1.0 [3mrequest_id[0m[2m=[0mfad75d03-faf6-4d35-86ff-b94d2833178d [3mmodel[0m[2m=[0m"deepseek-ai/deepseek-v4-pro"[0m
[2m2026-06-08T00:42:28.322499Z[0m [32m INFO[0m [1mhttp-request[0m: [2mdynamo_llm::http::service::service_v2[0m[2m:[0m http response sent [3mstatus[0m[2m=[0m200 [3mlatency_ms[0m[2m=[0m206 [2m[3mmethod[0m[2m=[0mPOST [3muri[0m[2m=[0m/v1/chat/completions [3mversion[0m[2m=[0mHTTP/1.0 [3mrequest_id[0m[2m=[0md3224c2a-33dd-4ad7-973e-9480ba1b6583 [3mmodel[0m[2m=[0m"deepseek-ai/deepseek-v4-pro"[0m
[2m2026-06-08T00:42:28.323005Z[0m [31mERROR[0m [1mhttp-request[0m: [2mdynamo_llm::http::service::metrics[0m[2m:[0m request completed [3mrequest_id[0m[2m=[0me669c275-e6e6-4a5b-b4af-065169ee4e3d [3mmodel[0m[2m=[0mdeepseek-ai/deepseek-v4-pro [3mendpoint[0m[2m=[0mchat_completions [3mrequest_type[0m[2m=[0mstream [3mstatus[0m[2m=[0merror [3merror_type[0m[2m=[0minternal [3merror_detail[0m[2m=[0minternal server error during processing [3melapsed_ms[0m[2m=[0m205 [2m[3mmethod[0m[2m=[0mPOST [3muri[0m[2m=[0m/v1/chat/completions [3mversion[0m[2m=[0mHTTP/1.0 [3mrequest_id[0m[2m=[0md3224c2a-33dd-4ad7-973e-9480ba1b6583 [3mmodel[0m[2m=[0m"deepseek-ai/deepseek-v4-pro" [3minput_tokens[0m[2m=[0m0 [3moutput_tokens[0m[2m=[0m0[0m
[2m2026-06-08T00:42:28.325221Z[0m [32m INFO[0m [1mhttp-request[0m: [2mdynamo_llm::http::service::metrics[0m[2m:[0m request received [3mrequest_id[0m[2m=[0m602d8eae-0de9-43f7-949c-747f42edd68f [3mmodel[0m[2m=[0mdeepseek-ai/deepseek-v4-pro [3mendpoint[0m[2m=[0mchat_completions [3mrequest_type[0m[2m=[0mstream [2m[3mmethod[0m[2m=[0mPOST [3muri[0m[2m=[0m/v1/chat/completions [3mversion[0m[2m=[0mHTTP/1.0 [3mrequest_id[0m[2m=[0md5f7fceb-fcdc-4821-aed0-ddc3044ee233 [3mmodel[0m[2m=[0m"deepseek-ai/deepseek-v4-pro"[0m
[2m2026-06-08T00:42:28.430551Z[0m [32m INFO[0m [1mhttp-request[0m: [2mdynamo_llm::http::service::service_v2[0m[2m:[0m http response sent [3mstatus[0m[2m=[0m200 [3mlatency_ms[0m[2m=[0m240 [2m[3mmethod[0m[2m=[0mPOST [3muri[0m[2m=[0m/v1/chat/completions [3mversion[0m[2m=[0mHTTP/1.0 [3mrequest_id[0m[2m=[0m1ac8a8db-235d-4f5d-837c-bed976a9c0d6 [3mmodel[0m[2m=[0m"deepseek-ai/deepseek-v4-pro"[0m
[2m2026-06-08T00:42:28.431041Z[0m [31mERROR[0m [1mhttp-request[0m: [2mdynamo_llm::http::service::metrics[0m[2m:[0m request completed [3mrequest_id[0m[2m=[0m9b1f740a-9a71-436e-9a48-2fad06f3edfc [3mmodel[0m[2m=[0mdeepseek-ai/deepseek-v4-pro [3mendpoint[0m[2m=[0mchat_completions [3mrequest_type[0m[2m=[0mstream [3mstatus[0m[2m=[0merror [3merror_type[0m[2m=[0minternal [3merror_detail[0m[2m=[0minternal server error during processing [3melapsed_ms[0m[2m=[0m240 [2m[3mmethod[0m[2m=[0mPOST [3muri[0m[2m=[0m/v1/chat/completions [3mversion[0m[2m=[0mHTTP/1.0 [3mrequest_id[0m[2m=[0m1ac8a8db-235d-4f5d-837c-bed976a9c0d6 [3mmodel[0m[2m=[0m"deepseek-ai/deepseek-v4-pro" [3minput_tokens[0m[2m=[0m0 [3moutput_tokens[0m[2m=[0m0[0m
[2m2026-06-08T00:42:28.433376Z[0m [32m INFO[0m [1mhttp-request[0m: [2mdynamo_llm::http::service::metrics[0m[2m:[0m request received [3mrequest_id[0m[2m=[0md868a7b2-4b09-46e3-92ea-2926e2f2be27 [3mmodel[0m[2m=[0mdeepseek-ai/deepseek-v4-pro [3mendpoint[0m[2m=[0mchat_completions [3mrequest_type[0m[2m=[0mstream [2m[3mmethod[0m[2m=[0mPOST [3muri[0m[2m=[0m/v1/chat/completions [3mversion[0m[2m=[0mHTTP/1.0 [3mrequest_id[0m[2m=[0m877591fa-3f6a-45ab-9ff4-6ce44c06dfe0 [3mmodel[0m[2m=[0m"deepseek-ai/deepseek-v4-pro"[0m
[2m2026-06-08T00:42:28.435336Z[0m [32m INFO[0m [1mhttp-request[0m: [2mdynamo_llm::http::service::service_v2[0m[2m:[0m http response sent [3mstatus[0m[2m=[0m200 [3mlatency_ms[0m[2m=[0m243 [2m[3mmethod[0m[2m=[0mPOST [3muri[0m[2m=[0m/v1/chat/completions [3mversion[0m[2m=[0mHTTP/1.0 [3mrequest_id[0m[2m=[0m0f6e0d82-9ab5-48d6-bd40-4eed1872d525 [3mmodel[0m[2m=[0m"deepseek-ai/deepseek-v4-pro"[0m
[2m2026-06-08T00:42:28.436070Z[0m [32m INFO[0m [1mhttp-request[0m: [2mdynamo_llm::http::service::service_v2[0m[2m:[0m http response sent [3mstatus[0m[2m=[0m200 [3mlatency_ms[0m[2m=[0m243 [2m[3mmethod[0m[2m=[0mPOST [3muri[0m[2m=[0m/v1/chat/completions [3mversion[0m[2m=[0mHTTP/1.0 [3mrequest_id[0m[2m=[0mfad75d03-faf6-4d35-86ff-b94d2833178d [3mmodel[0m[2m=[0m"deepseek-ai/deepseek-v4-pro"[0m
[2m2026-06-08T00:42:28.436813Z[0m [31mERROR[0m [1mhttp-request[0m: [2mdynamo_llm::http::service::metrics[0m[2m:[0m request completed [3mrequest_id[0m[2m=[0mc3889a7d-c569-4c16-a197-83a04fb97c13 [3mmodel[0m[2m=[0mdeepseek-ai/deepseek-v4-pro [3mendpoint[0m[2m=[0mchat_completions [3mrequest_type[0m[2m=[0mstream [3mstatus[0m[2m=[0merror [3merror_type[0m[2m=[0minternal [3merror_detail[0m[2m=[0minternal server error during processing [3melapsed_ms[0m[2m=[0m243 [2m[3mmethod[0m[2m=[0mPOST [3muri[0m[2m=[0m/v1/chat/completions [3mversion[0m[2m=[0mHTTP/1.0 [3mrequest_id[0m[2m=[0m0f6e0d82-9ab5-48d6-bd40-4eed1872d525 [3mmodel[0m[2m=[0m"deepseek-ai/deepseek-v4-pro" [3minput_tokens[0m[2m=[0m0 [3moutput_tokens[0m[2m=[0m0[0m
[2m2026-06-08T00:42:28.437330Z[0m [31mERROR[0m [1mhttp-request[0m: [2mdynamo_llm::http::service::metrics[0m[2m:[0m request completed [3mrequest_id[0m[2m=[0m08ba6a08-a3cd-44f6-8f7a-21e6ab37da1d [3mmodel[0m[2m=[0mdeepseek-ai/deepseek-v4-pro [3mendpoint[0m[2m=[0mchat_completions [3mrequest_type[0m[2m=[0mstream [3mstatus[0m[2m=[0merror [3merror_type[0m[2m=[0minternal [3merror_detail[0m[2m=[0minternal server error during processing [3melapsed_ms[0m[2m=[0m243 [2m[3mmethod[0m[2m=[0mPOST [3muri[0m[2m=[0m/v1/chat/completions [3mversion[0m[2m=[0mHTTP/1.0 [3mrequest_id[0m[2m=[0mfad75d03-faf6-4d35-86ff-b94d2833178d [3mmodel[0m[2m=[0m"deepseek-ai/deepseek-v4-pro" [3minput_tokens[0m[2m=[0m0 [3moutput_tokens[0m[2m=[0m0[0m
[2m2026-06-08T00:42:28.439138Z[0m [32m INFO[0m [1mhttp-request[0m: [2mdynamo_llm::http::service::metrics[0m[2m:[0m request received [3mrequest_id[0m[2m=[0m56538ed3-c72f-4bd8-afcd-7bc951d3c9db [3mmodel[0m[2m=[0mdeepseek-ai/deepseek-v4-pro [3mendpoint[0m[2m=[0mchat_completions [3mrequest_type[0m[2m=[0mstream [2m[3mmethod[0m[2m=[0mPOST [3muri[0m[2m=[0m/v1/chat/completions [3mversion[0m[2m=[0mHTTP/1.0 [3mrequest_id[0m[2m=[0m7f0e86ce-169b-4b3b-80d6-1710b41da32a [3mmodel[0m[2m=[0m"deepseek-ai/deepseek-v4-pro"[0m
[2m2026-06-08T00:42:28.439138Z[0m [32m INFO[0m [1mhttp-request[0m: [2mdynamo_llm::http::service::metrics[0m[2m:[0m request received [3mrequest_id[0m[2m=[0md2460306-75cf-4ec1-b418-f1ee7496ec34 [3mmodel[0m[2m=[0mdeepseek-ai/deepseek-v4-pro [3mendpoint[0m[2m=[0mchat_completions [3mrequest_type[0m[2m=[0mstream [2m[3mmethod[0m[2m=[0mPOST [3muri[0m[2m=[0m/v1/chat/completions [3mversion[0m[2m=[0mHTTP/1.0 [3mrequest_id[0m[2m=[0m1af17783-a76e-46ad-93b9-1257f82262b2 [3mmodel[0m[2m=[0m"deepseek-ai/deepseek-v4-pro"[0m
[2m2026-06-08T00:42:28.538421Z[0m [32m INFO[0m [1mhttp-request[0m: [2mdynamo_llm::http::service::service_v2[0m[2m:[0m http response sent [3mstatus[0m[2m=[0m200 [3mlatency_ms[0m[2m=[0m213 [2m[3mmethod[0m[2m=[0mPOST [3muri[0m[2m=[0m/v1/chat/completions [3mversion[0m[2m=[0mHTTP/1.0 [3mrequest_id[0m[2m=[0md5f7fceb-fcdc-4821-aed0-ddc3044ee233 [3mmodel[0m[2m=[0m"deepseek-ai/deepseek-v4-pro"[0m
[2m2026-06-08T00:42:28.538907Z[0m [31mERROR[0m [1mhttp-request[0m: [2mdynamo_llm::http::service::metrics[0m[2m:[0m request completed [3mrequest_id[0m[2m=[0m602d8eae-0de9-43f7-949c-747f42edd68f [3mmodel[0m[2m=[0mdeepseek-ai/deepseek-v4-pro [3mendpoint[0m[2m=[0mchat_completions [3mrequest_type[0m[2m=[0mstream [3mstatus[0m[2m=[0merror [3merror_type[0m[2m=[0minternal [3merror_detail[0m[2m=[0minternal server error during processing [3melapsed_ms[0m[2m=[0m213 [2m[3mmethod[0m[2m=[0mPOST [3muri[0m[2m=[0m/v1/chat/completions [3mversion[0m[2m=[0mHTTP/1.0 [3mrequest_id[0m[2m=[0md5f7fceb-fcdc-4821-aed0-ddc3044ee233 [3mmodel[0m[2m=[0m"deepseek-ai/deepseek-v4-pro" [3minput_tokens[0m[2m=[0m0 [3moutput_tokens[0m[2m=[0m0[0m
[2m2026-06-08T00:42:28.541295Z[0m [32m INFO[0m [1mhttp-request[0m: [2mdynamo_llm::http::service::metrics[0m[2m:[0m request received [3mrequest_id[0m[2m=[0maa56e905-cfb2-48ca-811a-24538c679b71 [3mmodel[0m[2m=[0mdeepseek-ai/deepseek-v4-pro [3mendpoint[0m[2m=[0mchat_completions [3mrequest_type[0m[2m=[0mstream [2m[3mmethod[0m[2m=[0mPOST [3muri[0m[2m=[0m/v1/chat/completions [3mversion[0m[2m=[0mHTTP/1.0 [3mrequest_id[0m[2m=[0m76b79149-8ea0-4843-aec3-1fe5f73b7f34 [3mmodel[0m[2m=[0m"deepseek-ai/deepseek-v4-pro"[0m
[2m2026-06-08T00:42:28.681364Z[0m [32m INFO[0m [1mhttp-request[0m: [2mdynamo_llm::http::service::service_v2[0m[2m:[0m http response sent [3mstatus[0m[2m=[0m200 [3mlatency_ms[0m[2m=[0m248 [2m[3mmethod[0m[2m=[0mPOST [3muri[0m[2m=[0m/v1/chat/completions [3mversion[0m[2m=[0mHTTP/1.0 [3mrequest_id[0m[2m=[0m877591fa-3f6a-45ab-9ff4-6ce44c06dfe0 [3mmodel[0m[2m=[0m"deepseek-ai/deepseek-v4-pro"[0m
[2m2026-06-08T00:42:28.682000Z[0m [31mERROR[0m [1mhttp-request[0m: [2mdynamo_llm::http::service::metrics[0m[2m:[0m request completed [3mrequest_id[0m[2m=[0md868a7b2-4b09-46e3-92ea-2926e2f2be27 [3mmodel[0m[2m=[0mdeepseek-ai/deepseek-v4-pro [3mendpoint[0m[2m=[0mchat_completions [3mrequest_type[0m[2m=[0mstream [3mstatus[0m[2m=[0merror [3merror_type[0m[2m=[0minternal [3merror_detail[0m[2m=[0minternal server error during processing [3melapsed_ms[0m[2m=[0m248 [2m[3mmethod[0m[2m=[0mPOST [3muri[0m[2m=[0m/v1/chat/completions [3mversion[0m[2m=[0mHTTP/1.0 [3mrequest_id[0m[2m=[0m877591fa-3f6a-45ab-9ff4-6ce44c06dfe0 [3mmodel[0m[2m=[0m"deepseek-ai/deepseek-v4-pro" [3minput_tokens[0m[2m=[0m0 [3moutput_tokens[0m[2m=[0m0[0m
[2m2026-06-08T00:42:28.684405Z[0m [32m INFO[0m [1mhttp-request[0m: [2mdynamo_llm::http::service::metrics[0m[2m:[0m request received [3mrequest_id[0m[2m=[0mcadb7c4c-d151-42e9-b97a-151f8e70077f [3mmodel[0m[2m=[0mdeepseek-ai/deepseek-v4-pro [3mendpoint[0m[2m=[0mchat_completions [3mrequest_type[0m[2m=[0mstream [2m[3mmethod[0m[2m=[0mPOST [3muri[0m[2m=[0m/v1/chat/completions [3mversion[0m[2m=[0mHTTP/1.0 [3mrequest_id[0m[2m=[0m96da6dd3-f55d-4ed8-8cf3-b0bd3ace2662 [3mmodel[0m[2m=[0m"deepseek-ai/deepseek-v4-pro"[0m
[2m2026-06-08T00:42:28.687420Z[0m [32m INFO[0m [1mhttp-request[0m: [2mdynamo_llm::http::service::service_v2[0m[2m:[0m http response sent [3mstatus[0m[2m=[0m200 [3mlatency_ms[0m[2m=[0m249 [2m[3mmethod[0m[2m=[0mPOST [3muri[0m[2m=[0m/v1/chat/completions [3mversion[0m[2m=[0mHTTP/1.0 [3mrequest_id[0m[2m=[0m1af17783-a76e-46ad-93b9-1257f82262b2 [3mmodel[0m[2m=[0m"deepseek-ai/deepseek-v4-pro"[0m
[2m2026-06-08T00:42:28.688331Z[0m [32m INFO[0m [1mhttp-request[0m: [2mdynamo_llm::http::service::service_v2[0m[2m:[0m http response sent [3mstatus[0m[2m=[0m200 [3mlatency_ms[0m[2m=[0m249 [2m[3mmethod[0m[2m=[0mPOST [3muri[0m[2m=[0m/v1/chat/completions [3mversion[0m[2m=[0mHTTP/1.0 [3mrequest_id[0m[2m=[0m7f0e86ce-169b-4b3b-80d6-1710b41da32a [3mmodel[0m[2m=[0m"deepseek-ai/deepseek-v4-pro"[0m
[2m2026-06-08T00:42:28.689043Z[0m [31mERROR[0m [1mhttp-request[0m: [2mdynamo_llm::http::service::metrics[0m[2m:[0m request completed [3mrequest_id[0m[2m=[0md2460306-75cf-4ec1-b418-f1ee7496ec34 [3mmodel[0m[2m=[0mdeepseek-ai/deepseek-v4-pro [3mendpoint[0m[2m=[0mchat_completions [3mrequest_type[0m[2m=[0mstream [3mstatus[0m[2m=[0merror [3merror_type[0m[2m=[0minternal [3merror_detail[0m[2m=[0minternal server error during processing [3melapsed_ms[0m[2m=[0m249 [2m[3mmethod[0m[2m=[0mPOST [3muri[0m[2m=[0m/v1/chat/completions [3mversion[0m[2m=[0mHTTP/1.0 [3mrequest_id[0m[2m=[0m1af17783-a76e-46ad-93b9-1257f82262b2 [3mmodel[0m[2m=[0m"deepseek-ai/deepseek-v4-pro" [3minput_tokens[0m[2m=[0m0 [3moutput_tokens[0m[2m=[0m0[0m
[2m2026-06-08T00:42:28.689608Z[0m [31mERROR[0m [1mhttp-request[0m: [2mdynamo_llm::http::service::metrics[0m[2m:[0m request completed [3mrequest_id[0m[2m=[0m56538ed3-c72f-4bd8-afcd-7bc951d3c9db [3mmodel[0m[2m=[0mdeepseek-ai/deepseek-v4-pro [3mendpoint[0m[2m=[0mchat_completions [3mrequest_type[0m[2m=[0mstream [3mstatus[0m[2m=[0merror [3merror_type[0m[2m=[0minternal [3merror_detail[0m[2m=[0minternal server error during processing [3melapsed_ms[0m[2m=[0m250 [2m[3mmethod[0m[2m=[0mPOST [3muri[0m[2m=[0m/v1/chat/completions [3mversion[0m[2m=[0mHTTP/1.0 [3mrequest_id[0m[2m=[0m7f0e86ce-169b-4b3b-80d6-1710b41da32a [3mmodel[0m[2m=[0m"deepseek-ai/deepseek-v4-pro" [3minput_tokens[0m[2m=[0m0 [3moutput_tokens[0m[2m=[0m0[0m
[2m2026-06-08T00:42:28.691452Z[0m [32m INFO[0m [1mhttp-request[0m: [2mdynamo_llm::http::service::metrics[0m[2m:[0m request received [3mrequest_id[0m[2m=[0ma577df9f-9b87-43cb-a618-990fdf6694d8 [3mmodel[0m[2m=[0mdeepseek-ai/deepseek-v4-pro [3mendpoint[0m[2m=[0mchat_completions [3mrequest_type[0m[2m=[0mstream [2m[3mmethod[0m[2m=[0mPOST [3muri[0m[2m=[0m/v1/chat/completions [3mversion[0m[2m=[0mHTTP/1.0 [3mrequest_id[0m[2m=[0m1f8d3e90-193d-43ad-b0e3-190875737bb2 [3mmodel[0m[2m=[0m"deepseek-ai/deepseek-v4-pro"[0m
[2m2026-06-08T00:42:28.691551Z[0m [32m INFO[0m [1mhttp-request[0m: [2mdynamo_llm::http::service::metrics[0m[2m:[0m request received [3mrequest_id[0m[2m=[0m07962f06-f54f-492e-a5fe-33cc8314d29c [3mmodel[0m[2m=[0mdeepseek-ai/deepseek-v4-pro [3mendpoint[0m[2m=[0mchat_completions [3mrequest_type[0m[2m=[0mstream [2m[3mmethod[0m[2m=[0mPOST [3muri[0m[2m=[0m/v1/chat/completions [3mversion[0m[2m=[0mHTTP/1.0 [3mrequest_id[0m[2m=[0m8d845f8a-af16-4f59-b193-4e2169c1c8e4 [3mmodel[0m[2m=[0m"deepseek-ai/deepseek-v4-pro"[0m
[2m2026-06-08T00:42:28.765674Z[0m [32m INFO[0m [1mhttp-request[0m: [2mdynamo_llm::http::service::service_v2[0m[2m:[0m http response sent [3mstatus[0m[2m=[0m200 [3mlatency_ms[0m[2m=[0m225 [2m[3mmethod[0m[2m=[0mPOST [3muri[0m[2m=[0m/v1/chat/completions [3mversion[0m[2m=[0mHTTP/1.0 [3mrequest_id[0m[2m=[0m76b79149-8ea0-4843-aec3-1fe5f73b7f34 [3mmodel[0m[2m=[0m"deepseek-ai/deepseek-v4-pro"[0m
[2m2026-06-08T00:42:28.766162Z[0m [31mERROR[0m [1mhttp-request[0m: [2mdynamo_llm::http::service::metrics[0m[2m:[0m request completed [3mrequest_id[0m[2m=[0maa56e905-cfb2-48ca-811a-24538c679b71 [3mmodel[0m[2m=[0mdeepseek-ai/deepseek-v4-pro [3mendpoint[0m[2m=[0mchat_completions [3mrequest_type[0m[2m=[0mstream [3mstatus[0m[2m=[0merror [3merror_type[0m[2m=[0minternal [3merror_detail[0m[2m=[0minternal server error during processing [3melapsed_ms[0m[2m=[0m224 [2m[3mmethod[0m[2m=[0mPOST [3muri[0m[2m=[0m/v1/chat/completions [3mversion[0m[2m=[0mHTTP/1.0 [3mrequest_id[0m[2m=[0m76b79149-8ea0-4843-aec3-1fe5f73b7f34 [3mmodel[0m[2m=[0m"deepseek-ai/deepseek-v4-pro" [3minput_tokens[0m[2m=[0m0 [3moutput_tokens[0m[2m=[0m0[0m
[2m2026-06-08T00:42:28.768200Z[0m [32m INFO[0m [1mhttp-request[0m: [2mdynamo_llm::http::service::metrics[0m[2m:[0m request received [3mrequest_id[0m[2m=[0ma2c54af9-be87-4e8f-b391-316b279fc7a6 [3mmodel[0m[2m=[0mdeepseek-ai/deepseek-v4-pro [3mendpoint[0m[2m=[0mchat_completions [3mrequest_type[0m[2m=[0mstream [2m[3mmethod[0m[2m=[0mPOST [3muri[0m[2m=[0m/v1/chat/completions [3mversion[0m[2m=[0mHTTP/1.0 [3mrequest_id[0m[2m=[0m93f8c150-a975-4bb0-904a-214d9c62c90a [3mmodel[0m[2m=[0m"deepseek-ai/deepseek-v4-pro"[0m
[2m2026-06-08T00:42:28.991431Z[0m [32m INFO[0m [1mhttp-request[0m: [2mdynamo_llm::http::service::service_v2[0m[2m:[0m http response sent [3mstatus[0m[2m=[0m200 [3mlatency_ms[0m[2m=[0m307 [2m[3mmethod[0m[2m=[0mPOST [3muri[0m[2m=[0m/v1/chat/completions [3mversion[0m[2m=[0mHTTP/1.0 [3mrequest_id[0m[2m=[0m96da6dd3-f55d-4ed8-8cf3-b0bd3ace2662 [3mmodel[0m[2m=[0m"deepseek-ai/deepseek-v4-pro"[0m
[2m2026-06-08T00:42:28.991929Z[0m [31mERROR[0m [1mhttp-request[0m: [2mdynamo_llm::http::service::metrics[0m[2m:[0m request completed [3mrequest_id[0m[2m=[0mcadb7c4c-d151-42e9-b97a-151f8e70077f [3mmodel[0m[2m=[0mdeepseek-ai/deepseek-v4-pro [3mendpoint[0m[2m=[0mchat_completions [3mrequest_type[0m[2m=[0mstream [3mstatus[0m[2m=[0merror [3merror_type[0m[2m=[0minternal [3merror_detail[0m[2m=[0minternal server error during processing [3melapsed_ms[0m[2m=[0m307 [2m[3mmethod[0m[2m=[0mPOST [3muri[0m[2m=[0m/v1/chat/completions [3mversion[0m[2m=[0mHTTP/1.0 [3mrequest_id[0m[2m=[0m96da6dd3-f55d-4ed8-8cf3-b0bd3ace2662 [3mmodel[0m[2m=[0m"deepseek-ai/deepseek-v4-pro" [3minput_tokens[0m[2m=[0m0 [3moutput_tokens[0m[2m=[0m0[0m
[2m2026-06-08T00:42:28.994525Z[0m [32m INFO[0m [1mhttp-request[0m: [2mdynamo_llm::http::service::metrics[0m[2m:[0m request received [3mrequest_id[0m[2m=[0m98a3b09b-13c5-4046-9738-7c8518378ac1 [3mmodel[0m[2m=[0mdeepseek-ai/deepseek-v4-pro [3mendpoint[0m[2m=[0mchat_completions [3mrequest_type[0m[2m=[0mstream [2m[3mmethod[0m[2m=[0mPOST [3muri[0m[2m=[0m/v1/chat/completions [3mversion[0m[2m=[0mHTTP/1.0 [3mrequest_id[0m[2m=[0m602543b8-f2b4-411e-a055-7669633a274f [3mmodel[0m[2m=[0m"deepseek-ai/deepseek-v4-pro"[0m
[2m2026-06-08T00:42:28.997323Z[0m [32m INFO[0m [1mhttp-request[0m: [2mdynamo_llm::http::service::service_v2[0m[2m:[0m http response sent [3mstatus[0m[2m=[0m200 [3mlatency_ms[0m[2m=[0m229 [2m[3mmethod[0m[2m=[0mPOST [3muri[0m[2m=[0m/v1/chat/completions [3mversion[0m[2m=[0mHTTP/1.0 [3mrequest_id[0m[2m=[0m93f8c150-a975-4bb0-904a-214d9c62c90a [3mmodel[0m[2m=[0m"deepseek-ai/deepseek-v4-pro"[0m
[2m2026-06-08T00:42:28.997849Z[0m [31mERROR[0m [1mhttp-request[0m: [2mdynamo_llm::http::service::metrics[0m[2m:[0m request completed [3mrequest_id[0m[2m=[0ma2c54af9-be87-4e8f-b391-316b279fc7a6 [3mmodel[0m[2m=[0mdeepseek-ai/deepseek-v4-pro [3mendpoint[0m[2m=[0mchat_completions [3mrequest_type[0m[2m=[0mstream [3mstatus[0m[2m=[0merror [3merror_type[0m[2m=[0minternal [3merror_detail[0m[2m=[0minternal server error during processing [3melapsed_ms[0m[2m=[0m229 [2m[3mmethod[0m[2m=[0mPOST [3muri[0m[2m=[0m/v1/chat/completions [3mversion[0m[2m=[0mHTTP/1.0 [3mrequest_id[0m[2m=[0m93f8c150-a975-4bb0-904a-214d9c62c90a [3mmodel[0m[2m=[0m"deepseek-ai/deepseek-v4-pro" [3minput_tokens[0m[2m=[0m0 [3moutput_tokens[0m[2m=[0m0[0m
[2m2026-06-08T00:42:29.000147Z[0m [32m INFO[0m [1mhttp-request[0m: [2mdynamo_llm::http::service::metrics[0m[2m:[0m request received [3mrequest_id[0m[2m=[0m232cb279-0140-4980-8330-87ac88190590 [3mmodel[0m[2m=[0mdeepseek-ai/deepseek-v4-pro [3mendpoint[0m[2m=[0mchat_completions [3mrequest_type[0m[2m=[0mstream [2m[3mmethod[0m[2m=[0mPOST [3muri[0m[2m=[0m/v1/chat/completions [3mversion[0m[2m=[0mHTTP/1.0 [3mrequest_id[0m[2m=[0m0ea05981-3951-4471-b63d-41e366ff2408 [3mmodel[0m[2m=[0m"deepseek-ai/deepseek-v4-pro"[0m
[2m2026-06-08T00:42:29.004391Z[0m [32m INFO[0m [1mhttp-request[0m: [2mdynamo_llm::http::service::service_v2[0m[2m:[0m http response sent [3mstatus[0m[2m=[0m200 [3mlatency_ms[0m[2m=[0m313 [2m[3mmethod[0m[2m=[0mPOST [3muri[0m[2m=[0m/v1/chat/completions [3mversion[0m[2m=[0mHTTP/1.0 [3mrequest_id[0m[2m=[0m8d845f8a-af16-4f59-b193-4e2169c1c8e4 [3mmodel[0m[2m=[0m"deepseek-ai/deepseek-v4-pro"[0m
[2m2026-06-08T00:42:29.005215Z[0m [32m INFO[0m [1mhttp-request[0m: [2mdynamo_llm::http::service::service_v2[0m[2m:[0m http response sent [3mstatus[0m[2m=[0m200 [3mlatency_ms[0m[2m=[0m314 [2m[3mmethod[0m[2m=[0mPOST [3muri[0m[2m=[0m/v1/chat/completions [3mversion[0m[2m=[0mHTTP/1.0 [3mrequest_id[0m[2m=[0m1f8d3e90-193d-43ad-b0e3-190875737bb2 [3mmodel[0m[2m=[0m"deepseek-ai/deepseek-v4-pro"[0m
[2m2026-06-08T00:42:29.006038Z[0m [31mERROR[0m [1mhttp-request[0m: [2mdynamo_llm::http::service::metrics[0m[2m:[0m request completed [3mrequest_id[0m[2m=[0m07962f06-f54f-492e-a5fe-33cc8314d29c [3mmodel[0m[2m=[0mdeepseek-ai/deepseek-v4-pro [3mendpoint[0m[2m=[0mchat_completions [3mrequest_type[0m[2m=[0mstream [3mstatus[0m[2m=[0merror [3merror_type[0m[2m=[0minternal [3merror_detail[0m[2m=[0minternal server error during processing [3melapsed_ms[0m[2m=[0m314 [2m[3mmethod[0m[2m=[0mPOST [3muri[0m[2m=[0m/v1/chat/completions [3mversion[0m[2m=[0mHTTP/1.0 [3mrequest_id[0m[2m=[0m8d845f8a-af16-4f59-b193-4e2169c1c8e4 [3mmodel[0m[2m=[0m"deepseek-ai/deepseek-v4-pro" [3minput_tokens[0m[2m=[0m0 [3moutput_tokens[0m[2m=[0m0[0m
[2m2026-06-08T00:42:29.006607Z[0m [31mERROR[0m [1mhttp-request[0m: [2mdynamo_llm::http::service::metrics[0m[2m:[0m request completed [3mrequest_id[0m[2m=[0ma577df9f-9b87-43cb-a618-990fdf6694d8 [3mmodel[0m[2m=[0mdeepseek-ai/deepseek-v4-pro [3mendpoint[0m[2m=[0mchat_completions [3mrequest_type[0m[2m=[0mstream [3mstatus[0m[2m=[0merror [3merror_type[0m[2m=[0minternal [3merror_detail[0m[2m=[0minternal server error during processing [3melapsed_ms[0m[2m=[0m315 [2m[3mmethod[0m[2m=[0mPOST [3muri[0m[2m=[0m/v1/chat/completions [3mversion[0m[2m=[0mHTTP/1.0 [3mrequest_id[0m[2m=[0m1f8d3e90-193d-43ad-b0e3-190875737bb2 [3mmodel[0m[2m=[0m"deepseek-ai/deepseek-v4-pro" [3minput_tokens[0m[2m=[0m0 [3moutput_tokens[0m[2m=[0m0[0m
[2m2026-06-08T00:42:29.008670Z[0m [32m INFO[0m [1mhttp-request[0m: [2mdynamo_llm::http::service::metrics[0m[2m:[0m request received [3mrequest_id[0m[2m=[0m2e46414a-f8aa-4bd3-ba59-1de30acb8d9c [3mmodel[0m[2m=[0mdeepseek-ai/deepseek-v4-pro [3mendpoint[0m[2m=[0mchat_completions [3mrequest_type[0m[2m=[0mstream [2m[3mmethod[0m[2m=[0mPOST [3muri[0m[2m=[0m/v1/chat/completions [3mversion[0m[2m=[0mHTTP/1.0 [3mrequest_id[0m[2m=[0m551b461e-e2cc-44e1-a2c4-9b7ad6a09a2e [3mmodel[0m[2m=[0m"deepseek-ai/deepseek-v4-pro"[0m
[2m2026-06-08T00:42:29.008672Z[0m [32m INFO[0m [1mhttp-request[0m: [2mdynamo_llm::http::service::metrics[0m[2m:[0m request received [3mrequest_id[0m[2m=[0m24c4fc3a-90bf-416b-ace1-dcfc54792b0c [3mmodel[0m[2m=[0mdeepseek-ai/deepseek-v4-pro [3mendpoint[0m[2m=[0mchat_completions [3mrequest_type[0m[2m=[0mstream [2m[3mmethod[0m[2m=[0mPOST [3muri[0m[2m=[0m/v1/chat/completions [3mversion[0m[2m=[0mHTTP/1.0 [3mrequest_id[0m[2m=[0m662d18d5-7f5d-4168-8b9e-9c18d40ef5ba [3mmodel[0m[2m=[0m"deepseek-ai/deepseek-v4-pro"[0m
[2m2026-06-08T00:42:29.261051Z[0m [32m INFO[0m [1mhttp-request[0m: [2mdynamo_llm::http::service::service_v2[0m[2m:[0m http response sent [3mstatus[0m[2m=[0m200 [3mlatency_ms[0m[2m=[0m261 [2m[3mmethod[0m[2m=[0mPOST [3muri[0m[2m=[0m/v1/chat/completions [3mversion[0m[2m=[0mHTTP/1.0 [3mrequest_id[0m[2m=[0m0ea05981-3951-4471-b63d-41e366ff2408 [3mmodel[0m[2m=[0m"deepseek-ai/deepseek-v4-pro"[0m
[2m2026-06-08T00:42:29.261556Z[0m [31mERROR[0m [1mhttp-request[0m: [2mdynamo_llm::http::service::metrics[0m[2m:[0m request completed [3mrequest_id[0m[2m=[0m232cb279-0140-4980-8330-87ac88190590 [3mmodel[0m[2m=[0mdeepseek-ai/deepseek-v4-pro [3mendpoint[0m[2m=[0mchat_completions [3mrequest_type[0m[2m=[0mstream [3mstatus[0m[2m=[0merror [3merror_type[0m[2m=[0minternal [3merror_detail[0m[2m=[0minternal server error during processing [3melapsed_ms[0m[2m=[0m261 [2m[3mmethod[0m[2m=[0mPOST [3muri[0m[2m=[0m/v1/chat/completions [3mversion[0m[2m=[0mHTTP/1.0 [3mrequest_id[0m[2m=[0m0ea05981-3951-4471-b63d-41e366ff2408 [3mmodel[0m[2m=[0m"deepseek-ai/deepseek-v4-pro" [3minput_tokens[0m[2m=[0m0 [3moutput_tokens[0m[2m=[0m0[0m
[2m2026-06-08T00:42:29.263891Z[0m [32m INFO[0m [1mhttp-request[0m: [2mdynamo_llm::http::service::metrics[0m[2m:[0m request received [3mrequest_id[0m[2m=[0m18cb0fe6-d92e-4374-b914-51b8af6f731e [3mmodel[0m[2m=[0mdeepseek-ai/deepseek-v4-pro [3mendpoint[0m[2m=[0mchat_completions [3mrequest_type[0m[2m=[0mstream [2m[3mmethod[0m[2m=[0mPOST [3muri[0m[2m=[0m/v1/chat/completions [3mversion[0m[2m=[0mHTTP/1.0 [3mrequest_id[0m[2m=[0m69f6fd90-88e6-4920-8c29-c84615079d3a [3mmodel[0m[2m=[0m"deepseek-ai/deepseek-v4-pro"[0m
[2m2026-06-08T00:42:29.354158Z[0m [32m INFO[0m [1mhttp-request[0m: [2mdynamo_llm::http::service::service_v2[0m[2m:[0m http response sent [3mstatus[0m[2m=[0m200 [3mlatency_ms[0m[2m=[0m360 [2m[3mmethod[0m[2m=[0mPOST [3muri[0m[2m=[0m/v1/chat/completions [3mversion[0m[2m=[0mHTTP/1.0 [3mrequest_id[0m[2m=[0m602543b8-f2b4-411e-a055-7669633a274f [3mmodel[0m[2m=[0m"deepseek-ai/deepseek-v4-pro"[0m
[2m2026-06-08T00:42:29.354629Z[0m [31mERROR[0m [1mhttp-request[0m: [2mdynamo_llm::http::service::metrics[0m[2m:[0m request completed [3mrequest_id[0m[2m=[0m98a3b09b-13c5-4046-9738-7c8518378ac1 [3mmodel[0m[2m=[0mdeepseek-ai/deepseek-v4-pro [3mendpoint[0m[2m=[0mchat_completions [3mrequest_type[0m[2m=[0mstream [3mstatus[0m[2m=[0merror [3merror_type[0m[2m=[0minternal [3merror_detail[0m[2m=[0minternal server error during processing [3melapsed_ms[0m[2m=[0m360 [2m[3mmethod[0m[2m=[0mPOST [3muri[0m[2m=[0m/v1/chat/completions [3mversion[0m[2m=[0mHTTP/1.0 [3mrequest_id[0m[2m=[0m602543b8-f2b4-411e-a055-7669633a274f [3mmodel[0m[2m=[0m"deepseek-ai/deepseek-v4-pro" [3minput_tokens[0m[2m=[0m0 [3moutput_tokens[0m[2m=[0m0[0m
[2m2026-06-08T00:42:29.357239Z[0m [32m INFO[0m [1mhttp-request[0m: [2mdynamo_llm::http::service::metrics[0m[2m:[0m request received [3mrequest_id[0m[2m=[0md5150508-b58a-4a42-ba55-630b0e38c50f [3mmodel[0m[2m=[0mdeepseek-ai/deepseek-v4-pro [3mendpoint[0m[2m=[0mchat_completions [3mrequest_type[0m[2m=[0mstream [2m[3mmethod[0m[2m=[0mPOST [3muri[0m[2m=[0m/v1/chat/completions [3mversion[0m[2m=[0mHTTP/1.0 [3mrequest_id[0m[2m=[0mea188284-9e6d-4976-88fb-440722cf6c96 [3mmodel[0m[2m=[0m"deepseek-ai/deepseek-v4-pro"[0m
[2m2026-06-08T00:42:29.376023Z[0m [32m INFO[0m [1mhttp-request[0m: [2mdynamo_llm::http::service::service_v2[0m[2m:[0m http response sent [3mstatus[0m[2m=[0m200 [3mlatency_ms[0m[2m=[0m368 [2m[3mmethod[0m[2m=[0mPOST [3muri[0m[2m=[0m/v1/chat/completions [3mversion[0m[2m=[0mHTTP/1.0 [3mrequest_id[0m[2m=[0m662d18d5-7f5d-4168-8b9e-9c18d40ef5ba [3mmodel[0m[2m=[0m"deepseek-ai/deepseek-v4-pro"[0m
[2m2026-06-08T00:42:29.377033Z[0m [32m INFO[0m [1mhttp-request[0m: [2mdynamo_llm::http::service::service_v2[0m[2m:[0m http response sent [3mstatus[0m[2m=[0m200 [3mlatency_ms[0m[2m=[0m369 [2m[3mmethod[0m[2m=[0mPOST [3muri[0m[2m=[0m/v1/chat/completions [3mversion[0m[2m=[0mHTTP/1.0 [3mrequest_id[0m[2m=[0m551b461e-e2cc-44e1-a2c4-9b7ad6a09a2e [3mmodel[0m[2m=[0m"deepseek-ai/deepseek-v4-pro"[0m
[2m2026-06-08T00:42:29.377924Z[0m [31mERROR[0m [1mhttp-request[0m: [2mdynamo_llm::http::service::metrics[0m[2m:[0m request completed [3mrequest_id[0m[2m=[0m2e46414a-f8aa-4bd3-ba59-1de30acb8d9c [3mmodel[0m[2m=[0mdeepseek-ai/deepseek-v4-pro [3mendpoint[0m[2m=[0mchat_completions [3mrequest_type[0m[2m=[0mstream [3mstatus[0m[2m=[0merror [3merror_type[0m[2m=[0minternal [3merror_detail[0m[2m=[0minternal server error during processing [3melapsed_ms[0m[2m=[0m369 [2m[3mmethod[0m[2m=[0mPOST [3muri[0m[2m=[0m/v1/chat/completions [3mversion[0m[2m=[0mHTTP/1.0 [3mrequest_id[0m[2m=[0m551b461e-e2cc-44e1-a2c4-9b7ad6a09a2e [3mmodel[0m[2m=[0m"deepseek-ai/deepseek-v4-pro" [3minput_tokens[0m[2m=[0m0 [3moutput_tokens[0m[2m=[0m0[0m
[2m2026-06-08T00:42:29.378000Z[0m [31mERROR[0m [1mhttp-request[0m: [2mdynamo_llm::http::service::metrics[0m[2m:[0m request completed [3mrequest_id[0m[2m=[0m24c4fc3a-90bf-416b-ace1-dcfc54792b0c [3mmodel[0m[2m=[0mdeepseek-ai/deepseek-v4-pro [3mendpoint[0m[2m=[0mchat_completions [3mrequest_type[0m[2m=[0mstream [3mstatus[0m[2m=[0merror [3merror_type[0m[2m=[0minternal [3merror_detail[0m[2m=[0minternal server error during processing [3melapsed_ms[0m[2m=[0m369 [2m[3mmethod[0m[2m=[0mPOST [3muri[0m[2m=[0m/v1/chat/completions [3mversion[0m[2m=[0mHTTP/1.0 [3mrequest_id[0m[2m=[0m662d18d5-7f5d-4168-8b9e-9c18d40ef5ba [3mmodel[0m[2m=[0m"deepseek-ai/deepseek-v4-pro" [3minput_tokens[0m[2m=[0m0 [3moutput_tokens[0m[2m=[0m0[0m
[2m2026-06-08T00:42:29.380605Z[0m [32m INFO[0m [1mhttp-request[0m: [2mdynamo_llm::http::service::metrics[0m[2m:[0m request received [3mrequest_id[0m[2m=[0m8cff5075-62e5-42d1-b775-d397b6341cc2 [3mmodel[0m[2m=[0mdeepseek-ai/deepseek-v4-pro [3mendpoint[0m[2m=[0mchat_completions [3mrequest_type[0m[2m=[0mstream [2m[3mmethod[0m[2m=[0mPOST [3muri[0m[2m=[0m/v1/chat/completions [3mversion[0m[2m=[0mHTTP/1.0 [3mrequest_id[0m[2m=[0m09a43c09-acaf-48f6-972e-ecf07b44962e [3mmodel[0m[2m=[0m"deepseek-ai/deepseek-v4-pro"[0m
[2m2026-06-08T00:42:29.380653Z[0m [32m INFO[0m [1mhttp-request[0m: [2mdynamo_llm::http::service::metrics[0m[2m:[0m request received [3mrequest_id[0m[2m=[0m1831cddc-d690-404b-9a79-c73f23665ea9 [3mmodel[0m[2m=[0mdeepseek-ai/deepseek-v4-pro [3mendpoint[0m[2m=[0mchat_completions [3mrequest_type[0m[2m=[0mstream [2m[3mmethod[0m[2m=[0mPOST [3muri[0m[2m=[0m/v1/chat/completions [3mversion[0m[2m=[0mHTTP/1.0 [3mrequest_id[0m[2m=[0m877c5d69-ddd4-4044-b439-c4bcf5e12d6b [3mmodel[0m[2m=[0m"deepseek-ai/deepseek-v4-pro"[0m
[2m2026-06-08T00:42:29.471186Z[0m [33m WARN[0m [2mdynamo_runtime::transports::etcd::lease[0m[2m:[0m Keep-alive stream error [3mlease_id[0m[2m=[0m7587895377136594693 [3merror[0m[2m=[0mgrpc request error: code: 'Unknown error', message: "h2 protocol error: error reading a body from connection", source: hyper::Error(Body, Error { kind: Io(Custom { kind: BrokenPipe, error: "stream closed because of a broken pipe" }) })
[2m2026-06-08T00:42:29.471608Z[0m [33m WARN[0m [2mdynamo_runtime::transports::etcd[0m[2m:[0m Error watching stream for prefix 'v1/instances/' [3merror[0m[2m=[0mgrpc request error: code: 'Unknown error', message: "h2 protocol error: error reading a body from connection", source: hyper::Error(Body, Error { kind: Io(Custom { kind: BrokenPipe, error: "stream closed because of a broken pipe" }) })
[2m2026-06-08T00:42:29.471764Z[0m [33m WARN[0m [2mdynamo_runtime::transports::etcd[0m[2m:[0m Error watching stream for prefix 'v1/mdc/' [3merror[0m[2m=[0mgrpc request error: code: 'Unknown error', message: "h2 protocol error: error reading a body from connection", source: hyper::Error(Body, Error { kind: Io(Custom { kind: BrokenPipe, error: "stream closed because of a broken pipe" }) })
[2m2026-06-08T00:42:29.471948Z[0m [33m WARN[0m [2mdynamo_runtime::transports::etcd[0m[2m:[0m Error watching stream for prefix 'v1/instances/' [3merror[0m[2m=[0mgrpc request error: code: 'Unknown error', message: "h2 protocol error: error reading a body from connection", source: hyper::Error(Body, Error { kind: Io(Custom { kind: BrokenPipe, error: "stream closed because of a broken pipe" }) })
[2m2026-06-08T00:42:29.472064Z[0m [33m WARN[0m [2mdynamo_runtime::transports::etcd[0m[2m:[0m Error watching stream for prefix 'v1/mdc/' [3merror[0m[2m=[0mgrpc request error: code: 'Unknown error', message: "h2 protocol error: error reading a body from connection", source: hyper::Error(Body, Error { kind: Io(Custom { kind: BrokenPipe, error: "stream closed because of a broken pipe" }) })
[2m2026-06-08T00:42:29.472160Z[0m [33m WARN[0m [2mdynamo_runtime::transports::etcd[0m[2m:[0m Error watching stream for prefix 'v1/instances/' [3merror[0m[2m=[0mgrpc request error: code: 'Unknown error', message: "h2 protocol error: error reading a body from connection", source: hyper::Error(Body, Error { kind: Io(Custom { kind: BrokenPipe, error: "stream closed because of a broken pipe" }) })
[2m2026-06-08T00:42:29.472254Z[0m [33m WARN[0m [2mdynamo_runtime::transports::etcd[0m[2m:[0m Error watching stream for prefix 'v1/instances/' [3merror[0m[2m=[0mgrpc request error: code: 'Unknown error', message: "h2 protocol error: error reading a body from connection", source: hyper::Error(Body, Error { kind: Io(Custom { kind: BrokenPipe, error: "stream closed because of a broken pipe" }) })
[2m2026-06-08T00:42:29.472351Z[0m [33m WARN[0m [2mdynamo_runtime::transports::etcd[0m[2m:[0m Error watching stream for prefix 'v1/mdc/' [3merror[0m[2m=[0mgrpc request error: code: 'Unknown error', message: "h2 protocol error: error reading a body from connection", source: hyper::Error(Body, Error { kind: Io(Custom { kind: BrokenPipe, error: "stream closed because of a broken pipe" }) })
[2m2026-06-08T00:42:29.479889Z[0m [33m WARN[0m [2mdynamo_runtime::transports::etcd::lease[0m[2m:[0m Failed to establish keep-alive stream [3mlease_id[0m[2m=[0m7587895377136594693 [3merror[0m[2m=[0mgrpc request error: code: 'The service is currently unavailable', message: "tcp connect error", source: tonic::transport::Error(Transport, ConnectError(ConnectError("tcp connect error", 10.0.18.231:2379, Os { code: 111, kind: ConnectionRefused, message: "Connection refused" })))
[2m2026-06-08T00:42:29.479961Z[0m [33m WARN[0m [2mdynamo_runtime::transports::etcd::connector[0m[2m:[0m Reconnecting to ETCD cluster at: ["http://slurm-gb300-133-189:2379"]
[2m2026-06-08T00:42:29.480077Z[0m [32m INFO[0m [2mdynamo_runtime::transports::etcd::connector[0m[2m:[0m Successfully reconnected to ETCD cluster
[2m2026-06-08T00:42:29.481311Z[0m [33m WARN[0m [2mdynamo_runtime::transports::etcd::connector[0m[2m:[0m Reconnecting to ETCD cluster at: ["http://slurm-gb300-133-189:2379"]
[2m2026-06-08T00:42:29.481678Z[0m [33m WARN[0m [2mdynamo_runtime::transports::etcd::lease[0m[2m:[0m Failed to establish keep-alive stream [3mlease_id[0m[2m=[0m7587895377136594693 [3merror[0m[2m=[0mgrpc request error: code: 'The service is currently unavailable', message: "tcp connect error", source: tonic::transport::Error(Transport, ConnectError(ConnectError("tcp connect error", 10.0.18.231:2379, Os { code: 111, kind: ConnectionRefused, message: "Connection refused" })))
[2m2026-06-08T00:42:29.768741Z[0m [33m WARN[0m [2mdynamo_llm::http::service::disconnect[0m[2m:[0m Connection closed unexpectedly; issuing cancellation
[2m2026-06-08T00:42:29.769103Z[0m [33m WARN[0m [2mdynamo_llm::http::service::disconnect[0m[2m:[0m Connection closed unexpectedly; issuing cancellation
[2m2026-06-08T00:42:29.769154Z[0m [33m WARN[0m [2mdynamo_llm::http::service::disconnect[0m[2m:[0m Connection closed unexpectedly; issuing cancellation
[2m2026-06-08T00:42:29.769357Z[0m [33m WARN[0m [2mdynamo_llm::http::service::disconnect[0m[2m:[0m Connection closed unexpectedly; issuing cancellation
[2m2026-06-08T00:42:29.772294Z[0m [31mERROR[0m [1mhttp-request[0m: [2mdynamo_llm::http::service::metrics[0m[2m:[0m request completed [3mrequest_id[0m[2m=[0md5150508-b58a-4a42-ba55-630b0e38c50f [3mmodel[0m[2m=[0mdeepseek-ai/deepseek-v4-pro [3mendpoint[0m[2m=[0mchat_completions [3mrequest_type[0m[2m=[0mstream [3mstatus[0m[2m=[0merror [3merror_type[0m[2m=[0mcancelled [3merror_detail[0m[2m=[0mcancelled before completion [3melapsed_ms[0m[2m=[0m415 [2m[3mmethod[0m[2m=[0mPOST [3muri[0m[2m=[0m/v1/chat/completions [3mversion[0m[2m=[0mHTTP/1.0 [3mrequest_id[0m[2m=[0mea188284-9e6d-4976-88fb-440722cf6c96 [3mmodel[0m[2m=[0m"deepseek-ai/deepseek-v4-pro" [3minput_tokens[0m[2m=[0m0 [3moutput_tokens[0m[2m=[0m0[0m
[2m2026-06-08T00:42:29.800493Z[0m [31mERROR[0m [1mhttp-request[0m: [2mdynamo_llm::http::service::metrics[0m[2m:[0m request completed [3mrequest_id[0m[2m=[0m8cff5075-62e5-42d1-b775-d397b6341cc2 [3mmodel[0m[2m=[0mdeepseek-ai/deepseek-v4-pro [3mendpoint[0m[2m=[0mchat_completions [3mrequest_type[0m[2m=[0mstream [3mstatus[0m[2m=[0merror [3merror_type[0m[2m=[0mcancelled [3merror_detail[0m[2m=[0mcancelled before completion [3melapsed_ms[0m[2m=[0m419 [2m[3mmethod[0m[2m=[0mPOST [3muri[0m[2m=[0m/v1/chat/completions [3mversion[0m[2m=[0mHTTP/1.0 [3mrequest_id[0m[2m=[0m09a43c09-acaf-48f6-972e-ecf07b44962e [3mmodel[0m[2m=[0m"deepseek-ai/deepseek-v4-pro" [3minput_tokens[0m[2m=[0m0 [3moutput_tokens[0m[2m=[0m0[0m
[2m2026-06-08T00:42:29.804449Z[0m [31mERROR[0m [1mhttp-request[0m: [2mdynamo_llm::http::service::metrics[0m[2m:[0m request completed [3mrequest_id[0m[2m=[0m1831cddc-d690-404b-9a79-c73f23665ea9 [3mmodel[0m[2m=[0mdeepseek-ai/deepseek-v4-pro [3mendpoint[0m[2m=[0mchat_completions [3mrequest_type[0m[2m=[0mstream [3mstatus[0m[2m=[0merror [3merror_type[0m[2m=[0mcancelled [3merror_detail[0m[2m=[0mcancelled before completion [3melapsed_ms[0m[2m=[0m423 [2m[3mmethod[0m[2m=[0mPOST [3muri[0m[2m=[0m/v1/chat/completions [3mversion[0m[2m=[0mHTTP/1.0 [3mrequest_id[0m[2m=[0m877c5d69-ddd4-4044-b439-c4bcf5e12d6b [3mmodel[0m[2m=[0m"deepseek-ai/deepseek-v4-pro" [3minput_tokens[0m[2m=[0m0 [3moutput_tokens[0m[2m=[0m0[0m
[2m2026-06-08T00:42:29.983021Z[0m [32m INFO[0m [2mdynamo_runtime::transports::etcd::connector[0m[2m:[0m Successfully reconnected to ETCD cluster
[2m2026-06-08T00:42:29.983162Z[0m [33m WARN[0m [2mdynamo_runtime::transports::etcd::connector[0m[2m:[0m Reconnecting to ETCD cluster at: ["http://slurm-gb300-133-189:2379"]
[2m2026-06-08T00:42:30.984587Z[0m [32m INFO[0m [2mdynamo_runtime::transports::etcd::connector[0m[2m:[0m Successfully reconnected to ETCD cluster
[2m2026-06-08T00:42:30.984894Z[0m [33m WARN[0m [2mdynamo_runtime::transports::etcd::connector[0m[2m:[0m Reconnecting to ETCD cluster at: ["http://slurm-gb300-133-189:2379"]
[2m2026-06-08T00:42:30.986103Z[0m [33m WARN[0m [2mdynamo_runtime::transports::etcd::lease[0m[2m:[0m Failed to establish keep-alive stream [3mlease_id[0m[2m=[0m7587895377136594693 [3merror[0m[2m=[0mgrpc request error: code: 'The service is currently unavailable', message: "tcp connect error", source: tonic::transport::Error(Transport, ConnectError(ConnectError("tcp connect error", 10.0.18.231:2379, Os { code: 111, kind: ConnectionRefused, message: "Connection refused" })))
[2m2026-06-08T00:42:32.985411Z[0m [32m INFO[0m [2mdynamo_runtime::transports::etcd::connector[0m[2m:[0m Successfully reconnected to ETCD cluster
[2m2026-06-08T00:42:32.985592Z[0m [33m WARN[0m [2mdynamo_runtime::transports::etcd::connector[0m[2m:[0m Reconnecting to ETCD cluster at: ["http://slurm-gb300-133-189:2379"]
[2m2026-06-08T00:42:36.235591Z[0m [32m INFO[0m [2mdynamo_runtime::transports::etcd::connector[0m[2m:[0m Successfully reconnected to ETCD cluster
[2m2026-06-08T00:42:36.235745Z[0m [33m WARN[0m [2mdynamo_runtime::transports::etcd::connector[0m[2m:[0m Reconnecting to ETCD cluster at: ["http://slurm-gb300-133-189:2379"]
[2m2026-06-08T00:42:37.860972Z[0m [32m INFO[0m [2mdynamo_runtime::transports::etcd::connector[0m[2m:[0m Successfully reconnected to ETCD cluster
[2m2026-06-08T00:42:37.861127Z[0m [33m WARN[0m [2mdynamo_runtime::transports::etcd::connector[0m[2m:[0m Reconnecting to ETCD cluster at: ["http://slurm-gb300-133-189:2379"]
[2m2026-06-08T00:42:38.674584Z[0m [32m INFO[0m [2mdynamo_runtime::transports::etcd::connector[0m[2m:[0m Successfully reconnected to ETCD cluster
[2m2026-06-08T00:42:38.674712Z[0m [33m WARN[0m [2mdynamo_runtime::transports::etcd::connector[0m[2m:[0m Reconnecting to ETCD cluster at: ["http://slurm-gb300-133-189:2379"]
[2m2026-06-08T00:42:39.081923Z[0m [32m INFO[0m [2mdynamo_runtime::transports::etcd::connector[0m[2m:[0m Successfully reconnected to ETCD cluster
[2m2026-06-08T00:42:39.082062Z[0m [33m WARN[0m [2mdynamo_runtime::transports::etcd::connector[0m[2m:[0m Reconnecting to ETCD cluster at: ["http://slurm-gb300-133-189:2379"]
[2m2026-06-08T00:42:39.285785Z[0m [32m INFO[0m [2mdynamo_runtime::transports::etcd::connector[0m[2m:[0m Successfully reconnected to ETCD cluster
[2m2026-06-08T00:42:39.286032Z[0m [33m WARN[0m [2mdynamo_runtime::transports::etcd::connector[0m[2m:[0m Reconnecting to ETCD cluster at: ["http://slurm-gb300-133-189:2379"]
[2m2026-06-08T00:42:39.524744Z[0m [33m WARN[0m [1mhttp-request[0m: [2mdynamo_llm::migration[0m[2m:[0m Creating new stream... retrying... CannotConnect: NATS request to dynamo_backend.generate-694d9ea4a30e2f0d failed [2m[3mmethod[0m[2m=[0mPOST [3muri[0m[2m=[0m/v1/chat/completions [3mversion[0m[2m=[0mHTTP/1.0 [3mrequest_id[0m[2m=[0m69f6fd90-88e6-4920-8c29-c84615079d3a [3mmodel[0m[2m=[0m"deepseek-ai/deepseek-v4-pro"[0m
[2m2026-06-08T00:42:39.524935Z[0m [31mERROR[0m [1mhttp-request[0m: [2mdynamo_llm::http::service::openai[0m[2m:[0m Internal server error: Failed to generate completions: CannotConnect: NATS request to dynamo_backend.generate-694d9ea4a30e2f0d failed: Unknown: request timed out: deadline has elapsed: Unknown: deadline has elapsed [2m[3mmethod[0m[2m=[0mPOST [3muri[0m[2m=[0m/v1/chat/completions [3mversion[0m[2m=[0mHTTP/1.0 [3mrequest_id[0m[2m=[0m69f6fd90-88e6-4920-8c29-c84615079d3a [3mmodel[0m[2m=[0m"deepseek-ai/deepseek-v4-pro"[0m
[2m2026-06-08T00:42:39.525041Z[0m [31mERROR[0m [1mhttp-request[0m: [2mdynamo_llm::http::service::metrics[0m[2m:[0m request completed [3mrequest_id[0m[2m=[0m18cb0fe6-d92e-4374-b914-51b8af6f731e [3mmodel[0m[2m=[0mdeepseek-ai/deepseek-v4-pro [3mendpoint[0m[2m=[0mchat_completions [3mrequest_type[0m[2m=[0mstream [3mstatus[0m[2m=[0merror [3merror_type[0m[2m=[0minternal [3merror_detail[0m[2m=[0minternal server error during processing [3melapsed_ms[0m[2m=[0m10261 [2m[3mmethod[0m[2m=[0mPOST [3muri[0m[2m=[0m/v1/chat/completions [3mversion[0m[2m=[0mHTTP/1.0 [3mrequest_id[0m[2m=[0m69f6fd90-88e6-4920-8c29-c84615079d3a [3mmodel[0m[2m=[0m"deepseek-ai/deepseek-v4-pro" [3minput_tokens[0m[2m=[0m0 [3moutput_tokens[0m[2m=[0m0[0m
[2m2026-06-08T00:42:39.636614Z[0m [32m INFO[0m [2mdynamo_runtime::transports::etcd::connector[0m[2m:[0m Successfully reconnected to ETCD cluster
[2m2026-06-08T00:42:39.636875Z[0m [33m WARN[0m [2mdynamo_runtime::transports::etcd::connector[0m[2m:[0m Reconnecting to ETCD cluster at: ["http://slurm-gb300-133-189:2379"]
[2m2026-06-08T00:42:39.687570Z[0m [31mERROR[0m [2mdynamo_runtime::transports::etcd::lease[0m[2m:[0m Unable to maintain lease. Check etcd server status [3merror[0m[2m=[0mUnable to reconnect to ETCD cluster: deadline exceeded
[2m2026-06-08T00:42:39.687675Z[0m [32m INFO[0m [2mdynamo_llm::http::service::service_v2[0m[2m:[0m HTTP server shutdown requested
[2m2026-06-08T00:42:39.687703Z[0m [33m WARN[0m [2mdynamo_runtime::transports::etcd::connector[0m[2m:[0m Reconnecting to ETCD cluster at: ["http://slurm-gb300-133-189:2379"]
[2m2026-06-08T00:42:39.687753Z[0m [32m INFO[0m [2mdynamo_llm::discovery::worker_monitor[0m[2m:[0m Worker monitoring task exiting
[2m2026-06-08T00:42:39.688039Z[0m [33m WARN[0m [2mdynamo_runtime::pipeline::network::egress::push_router[0m[2m:[0m Instance removal watcher stream ended; reconnecting [3mendpoint[0m[2m=[0mgenerate
[2m2026-06-08T00:42:39.789118Z[0m [32m INFO[0m [2mdynamo_runtime::transports::etcd::connector[0m[2m:[0m Successfully reconnected to ETCD cluster
[2m2026-06-08T00:42:39.789345Z[0m [33m WARN[0m [2mdynamo_runtime::transports::etcd::connector[0m[2m:[0m Reconnecting to ETCD cluster at: ["http://slurm-gb300-133-189:2379"]
[2m2026-06-08T00:42:39.990753Z[0m [32m INFO[0m [2mdynamo_runtime::transports::etcd::connector[0m[2m:[0m Successfully reconnected to ETCD cluster
[2m2026-06-08T00:42:39.991000Z[0m [33m WARN[0m [2mdynamo_runtime::transports::etcd::connector[0m[2m:[0m Reconnecting to ETCD cluster at: ["http://slurm-gb300-133-189:2379"]
[2m2026-06-08T00:42:40.391693Z[0m [32m INFO[0m [2mdynamo_runtime::transports::etcd::connector[0m[2m:[0m Successfully reconnected to ETCD cluster
[2m2026-06-08T00:42:40.391972Z[0m [33m WARN[0m [2mdynamo_runtime::transports::etcd::connector[0m[2m:[0m Reconnecting to ETCD cluster at: ["http://slurm-gb300-133-189:2379"]
[2m2026-06-08T00:42:41.193188Z[0m [32m INFO[0m [2mdynamo_runtime::transports::etcd::connector[0m[2m:[0m Successfully reconnected to ETCD cluster
[2m2026-06-08T00:42:41.193543Z[0m [33m WARN[0m [2mdynamo_runtime::transports::etcd::connector[0m[2m:[0m Reconnecting to ETCD cluster at: ["http://slurm-gb300-133-189:2379"]
[2m2026-06-08T00:42:42.794488Z[0m [32m INFO[0m [2mdynamo_runtime::transports::etcd::connector[0m[2m:[0m Successfully reconnected to ETCD cluster
[2m2026-06-08T00:42:42.794770Z[0m [33m WARN[0m [2mdynamo_runtime::transports::etcd::connector[0m[2m:[0m Reconnecting to ETCD cluster at: ["http://slurm-gb300-133-189:2379"]
[2m2026-06-08T00:42:44.688397Z[0m [32m INFO[0m [2mdynamo_runtime::runtime[0m[2m:[0m Runtime shutdown initiated
[2m2026-06-08T00:42:44.688575Z[0m [32m INFO[0m [2mdynamo_runtime::runtime[0m[2m:[0m Phase 1: Cancelling endpoint shutdown token
[2m2026-06-08T00:42:44.688625Z[0m [32m INFO[0m [2mdynamo_runtime::runtime[0m[2m:[0m Phase 2: Waiting for graceful endpoints to complete
[2m2026-06-08T00:42:44.688645Z[0m [32m INFO[0m [2mdynamo_runtime::runtime[0m[2m:[0m Active graceful endpoints: 0
[2m2026-06-08T00:42:44.688662Z[0m [32m INFO[0m [2mdynamo_runtime::runtime[0m[2m:[0m Phase 3: All endpoints ended gracefully. Connections to backend services will now be disconnected
[2026-06-08T00:42:49.897] error: *** STEP 6730.11 ON slurm-gb300-133-191 CANCELLED AT 2026-06-08T00:42:49 DUE to SIGNAL Killed ***
